Mixture,Naïve B-cells,Memory B-cells,Plasma cells,CD8 T-cells,Naïve CD4 T-cells,Resting mem. CD4 T,Activated mem. CD4 T,Follicular helper T,Tregs,γδ T-cells,Resting NK,Activated NK,Monocytes,M0 macrophages,M1 macrophages,M2 macrophages,Resting DCs,Activated DCs,Resting mast,Activated mast,Eosinophils,Neutrophils,P-value,Correlation,RMSE,Absolute score (sig.score)
sample01,0.004335174,0.075723614,0.017905092,0.067848231,0.479895567,0,0.642111148,0,0,0.158360372,0.063679115,0,0.22994295,0.000645795,0,0.050336803,0.003130929,0.127302055,0.030372377,0,0,0.159549078,0,0.747108665,0.705693576,2.111138301
sample02,0,0.052803225,0.079889499,0.090271872,0.228980946,0,0.726968717,0,0,0.133285324,0.028873017,0.006469418,0.546926215,0.168341763,0,0,0,0.103293873,0.129613594,0,0,0.17634337,0,0.763476974,0.746782348,2.472060832
sample03,0,0.037578424,0.036561081,0.202325655,0.209491266,0,0.730527523,0,0,0.025667358,0.053166738,0.050574362,0.464973462,0.264832821,0,0,0,0.077558769,0.339868742,0,0,0.115712715,0,0.771059362,0.742247015,2.608838917
sample04,0,0.081487214,0.123955706,0.13179669,0.272831975,0,0.695591162,0,0,0.164936166,0,0.143881168,0.227790377,0.126932443,0,0,0,0.029946395,0.447856235,0,0,0.104981987,0,0.758326486,0.72970079,2.551987517
sample05,0,0.0856571,0.030641272,0.085511072,0.307195284,0,0.586264876,0,0,0.101227961,0.075950565,0,0.214723039,0,0,0.125611396,0.006123488,0.04446437,0.004831844,0.036038169,0,0.555995161,0,0.803544415,0.693703965,2.260235599
sample06,0,0.052449766,0.042677516,0,0.224881499,0,0.486146877,0,0,0.079600009,0.045425558,0,0.509584439,0.026657632,0,0,0,0.094789534,0.062536989,0.012446068,0,0.491970707,0,0.76016294,0.749878629,2.129166596
sample07,2.83E-05,0.011714028,0.025100569,0,0.106916968,0.026556679,0.320911366,0,0,0.027584153,0,0.081944874,0.288480426,0.191440739,0.018903568,0.142134851,0,0,0.109705785,0,0,0.659382847,0.001,0.709594737,0.761838376,2.010805146
sample08,0,0.054306739,0.010094025,0.15845646,0.318659859,0,0.448931178,0,0,0.054502114,0.09547057,0,0.137389021,0,0,0.08820172,0.000659511,0.051032016,0.022288389,0,0,0.273688441,0,0.769989207,0.693303671,1.713680044
sample09,0.061501903,0,0.054191511,0.044604806,0.21360495,0,0.453256288,0,0,0.090625284,0.028820198,0,0.407445773,0.043001373,0,0,0.005365318,0.089403607,0.098302388,0,0,0.321518385,0,0.754435909,0.755535582,1.911641782
sample10,0.037218377,0,0.088339359,0.025979792,0.046431504,0,0.525191634,0,0,0.059549713,0,0.071097665,0.244700942,0.143720576,0,0.100785453,0,0.163864829,0.040749669,0,0,0.288826297,0,0.749244015,0.756493784,1.83645581
sample11,0.038440695,0.001759474,0.030672901,0.069809039,0.273586104,0,0.616994194,0,0,0.1296916,0.051617559,0,0.183660888,0.061055747,0,0,0,0.123783687,0.083769806,0,0,0.145376608,0.001,0.704056235,0.744154647,1.810218301
sample12,0,0.080715337,0.009065681,0.112068373,0.324888834,0,0.843210806,0,0,0.230297283,0,0.025051007,0.215938354,0.060219826,0.053896693,0,0,0.028378381,0.092503984,0.009714654,0,0.063156047,0,0.719480399,0.718953611,2.149105259
sample13,0,0.083641194,0.077331484,0.137448686,0.502110771,0,0.920939307,0,0,0.296480024,0,0.025531668,0.276754274,0.082295646,0,0,0.019360042,0.16163712,0.187181264,0,0,0.038110907,0,0.750151216,0.706862187,2.808822386
sample14,0,0.138408796,0.180223066,0.103720672,0.470634136,0,1.086199051,0,0,0.350313781,0,0,0.187096778,0.040632621,0,0,0,0.054213184,0.020969265,0.024912274,0,0.050816909,0,0.782531799,0.665666956,2.708140534
sample15,0.029746928,0.014874532,0.035495792,0.054211917,0.294812509,0,0.519469345,0,0,0.065512109,0.06694335,0,0.098816788,0.042385956,0,0,0.009498715,0.085263838,0.062869707,0,0,0.121954634,0.001,0.708257062,0.73438185,1.501856121
sample16,0.003581231,0.005685914,0.00325115,0.066098372,0.100196255,0,0.41038423,0.019090779,0,0.01519527,0,0.046443947,0.274194646,0.005310659,0.050826712,0,0,0.080896122,0.001932418,0.044643058,0,0.158522847,0.002,0.639043306,0.796131684,1.28625361
sample17,0.035277681,0,0.076674962,0,0.161338051,0,0.391312846,0,0,0.054355814,0.009112654,0.008705193,0.20194711,0.164309297,0.008382563,0,0,0.036682248,0.312991002,0,0,0.280161187,0.001,0.678257953,0.809996022,1.741250607
sample18,0.041473461,0.039240119,0.038491501,0.135917293,0.409391194,0,0.662059962,0,0,0.201142534,0.041759434,0,0.110359284,0.077467138,0,0.036423797,0,0.111290058,0.054272309,0,0,0.181097526,0,0.736761016,0.710384576,2.140385611
sample19,0,0.068796366,0.021517905,0.064672171,0.182456913,0,0.485635801,0,0,0.113990483,0.003630474,0,0.430203173,0.082532101,0.049704997,0,0,0.046501133,0.053439487,0,0,0.106288063,0.002,0.64798891,0.80097307,1.709369066
sample20,0,0.013888214,0.082151987,0.07786932,0.393530488,0,0.884348448,0,0,0.22199975,0,0.061426245,0.446726067,0.076507809,0,0,0,0.031390903,0.17406665,0,0,0.190386041,0,0.787329877,0.69631453,2.654291921
sample21,0,0.107303355,0.08840012,0.156462607,0.508181893,0,0.961204422,0,0,0.302242847,0.019500461,0,0.18608901,0.039798771,0,0,0.010028363,0.054518525,0.067350388,0,0.016308088,0.026125135,0,0.783818848,0.658916378,2.543513986
sample22,0.114386438,0,0.06223757,0.020999357,0.274953172,0,0.519951797,0,0,0.128979548,0,0,0.265191567,0.014139196,0,0,0,0.119138858,0.094871651,0,0,0.092006949,0,0.717718781,0.753162014,1.706856103
sample23,0,0.122614688,0.092599092,0.053584033,0.254370406,0,0.624790625,0,0,0.167616399,0,0.038303261,0.484535571,0.029913712,0,0,0,0.207397463,0,0,0,0.062196558,0,0.760906767,0.732506267,2.137921807
sample24,0,0.065968444,0.042439522,0,0.230793538,0,0.519212101,0,0,0.183282046,0,0.045447399,0.58224187,0.022459415,0,0,0,0.104846849,0.097610591,0,0,0.271308063,0,0.781551125,0.739945914,2.165609837
sample25,0,0.181662111,0.129716383,0.037939124,0.351799755,0,0.729172047,0,0,0.289597656,0,0.0479822,0.262718258,0.064618075,0,0,0,0.14007206,0.074388819,0,0,0.105051382,0,0.787028488,0.69539667,2.414717869
sample26,0,0.076549202,0.024754484,0.015268082,0.225392539,0,0.353279586,0,0,0.081927368,0.094465357,0,0.380474799,0.007119818,0,0.078204342,0,0.004315542,0,0,0,0.293398588,0.002,0.647185802,0.795392969,1.635149709
sample27,0.015629447,0.038744461,0.06476717,0.112058106,0.27053577,0,0.644728669,0,0,0.143036704,0.04051547,0,0.219781174,0.062698605,0.00890029,0,0,0.118881233,0,0.012270578,0,0.052788458,0.001,0.687290208,0.748104174,1.805336135
sample28,0,0.068168985,0.074994129,0.079241493,0.271011964,0,0.70851062,0,0,0.214628896,0.004849785,0,0.229854298,0.033887899,0,0,0,0.18566349,0.032982534,0,0,0.08782074,0.001,0.679119072,0.75770269,1.991614834
sample29,0,0.083698343,0.129146792,0.140874945,0.317121963,0,0.848383532,0,0,0.303735274,0,0.138635338,0.328830484,0.10585486,0,0,0,0.0207667,0,0.008209851,0,0.08735447,0,0.762376384,0.685170398,2.512612552
