"Gene","lfc","padj","Significant","Regulation","Timepoint"
"DEFA1",1.37949219479644,0.985173919394399,FALSE,"Neither","Baseline"
"MAPKAPK5",0.666917708481137,0.985173919394399,FALSE,"Neither","Baseline"
"SMAD3",0.600431906882131,0.985173919394399,FALSE,"Neither","Baseline"
"CD36",1.01723385988417,0.985173919394399,FALSE,"Neither","Baseline"
"CXCL3",0.942763606797985,0.985173919394399,FALSE,"Neither","Baseline"
"CTSC",0.556504937168448,0.985173919394399,FALSE,"Neither","Baseline"
"ATG7",0.540937882334062,0.985173919394399,FALSE,"Neither","Baseline"
"DDIT3",0.604493818750288,0.985173919394399,FALSE,"Neither","Baseline"
"DAXX",0.551865911229395,0.985173919394399,FALSE,"Neither","Baseline"
"ALAS1",0.474947292083591,0.985173919394399,FALSE,"Neither","Baseline"
"TBK1",0.555511213238253,0.985173919394399,FALSE,"Neither","Baseline"
"PPBP",0.806422874398164,0.985173919394399,FALSE,"Neither","Baseline"
"SH2D1A",0.546543095354419,0.985173919394399,FALSE,"Neither","Baseline"
"CD24",0.750231887002397,0.985173919394399,FALSE,"Neither","Baseline"
"CCR2",0.517985509331452,0.985173919394399,FALSE,"Neither","Baseline"
"IDO2",-1.19273834529994,0.985173919394399,FALSE,"Neither","Baseline"
"CD27",0.411611851898409,0.985173919394399,FALSE,"Neither","Baseline"
"FCER1A",0.520715662529367,0.985173919394399,FALSE,"Neither","Baseline"
"DPP4",0.633972214946776,0.985173919394399,FALSE,"Neither","Baseline"
"CCR7",-0.944360114775934,0.985173919394399,FALSE,"Neither","Baseline"
"ICAM1",0.543718119407281,0.985173919394399,FALSE,"Neither","Baseline"
"CD9",0.823012572742812,0.985173919394399,FALSE,"Neither","Baseline"
"MAPKAPK2",0.503973004950301,0.985173919394399,FALSE,"Neither","Baseline"
"ERCC3",0.402555238120641,0.985173919394399,FALSE,"Neither","Baseline"
"NFATC2",0.442641650510299,0.985173919394399,FALSE,"Neither","Baseline"
"IL15",0.453342030442366,0.985173919394399,FALSE,"Neither","Baseline"
"FCGR3",-1.04927345960012,0.985173919394399,FALSE,"Neither","Baseline"
"CEBPB",-1.44218266979319,0.985173919394399,FALSE,"Neither","Baseline"
"GNLY",-0.682018740842831,0.985173919394399,FALSE,"Neither","Baseline"
"IRF5",0.390034875669877,0.985173919394399,FALSE,"Neither","Baseline"
"RIPK2",0.352222727440707,0.985173919394399,FALSE,"Neither","Baseline"
"MKNK1",0.376212240459877,0.985173919394399,FALSE,"Neither","Baseline"
"BCL2L1",-0.539263191308267,0.985173919394399,FALSE,"Neither","Baseline"
"CD244",0.501344672403963,0.985173919394399,FALSE,"Neither","Baseline"
"TCF4",0.435126997922568,0.985173919394399,FALSE,"Neither","Baseline"
"PSMB5",0.337037172587235,0.985173919394399,FALSE,"Neither","Baseline"
"KLRC1",0.391053567946773,0.985173919394399,FALSE,"Neither","Baseline"
"HLA-DQA1",1.25385225276563,0.985173919394399,FALSE,"Neither","Baseline"
"CD1D",0.382148828119564,0.985173919394399,FALSE,"Neither","Baseline"
"PTPN22",0.625572749074009,0.985173919394399,FALSE,"Neither","Baseline"
"IL21",-0.741989971653328,0.985173919394399,FALSE,"Neither","Baseline"
"IL1B",-0.703728071524283,0.985173919394399,FALSE,"Neither","Baseline"
"CD8A",0.456243486202357,0.985173919394399,FALSE,"Neither","Baseline"
"THBS1",0.834974611348066,0.985173919394399,FALSE,"Neither","Baseline"
"GZMK",0.783994543845242,0.985173919394399,FALSE,"Neither","Baseline"
"KLRC3",-0.856246530925899,0.985173919394399,FALSE,"Neither","Baseline"
"OAS1",0.573874378960685,0.985173919394399,FALSE,"Neither","Baseline"
"PLAUR",0.379688289203385,0.985173919394399,FALSE,"Neither","Baseline"
"KLRG1",0.513509528380989,0.985173919394399,FALSE,"Neither","Baseline"
"OAS2",0.859753315525975,0.985173919394399,FALSE,"Neither","Baseline"
"IRF7",-1.00681074483472,0.985173919394399,FALSE,"Neither","Baseline"
"FASLG",0.333471681890959,0.985173919394399,FALSE,"Neither","Baseline"
"LILRB3",-0.457819576873891,0.985173919394399,FALSE,"Neither","Baseline"
"HPRT1",0.437648317860479,0.985173919394399,FALSE,"Neither","Baseline"
"HLA-C",-0.653067139737306,0.985173919394399,FALSE,"Neither","Baseline"
"IL21R",0.444529160700355,0.985173919394399,FALSE,"Neither","Baseline"
"SELPLG",-1.03180776759464,0.985173919394399,FALSE,"Neither","Baseline"
"ITGA4",0.556184478837316,0.985173919394399,FALSE,"Neither","Baseline"
"TNFSF12",0.35671050585714,0.985173919394399,FALSE,"Neither","Baseline"
"CD55",-0.494086565944302,0.985173919394399,FALSE,"Neither","Baseline"
"AKT3",0.499777215624379,0.985173919394399,FALSE,"Neither","Baseline"
"STAT2",-0.841714799060044,0.985173919394399,FALSE,"Neither","Baseline"
"NCR1",0.305903931972296,0.985173919394399,FALSE,"Neither","Baseline"
"CD46",0.792439697626342,0.985173919394399,FALSE,"Neither","Baseline"
"SLAMF6",0.374593880450703,0.985173919394399,FALSE,"Neither","Baseline"
"TLR5",-0.673933736607674,0.985173919394399,FALSE,"Neither","Baseline"
"CXCR2",-0.854607497146674,0.985173919394399,FALSE,"Neither","Baseline"
"SLAMF1",0.296704762419347,0.985173919394399,FALSE,"Neither","Baseline"
"IL6R",-0.864646072518402,0.985173919394399,FALSE,"Neither","Baseline"
"LGALS3",0.56682884623007,0.985173919394399,FALSE,"Neither","Baseline"
"TBX21",0.457689771852939,0.985173919394399,FALSE,"Neither","Baseline"
"TLR1",-0.782764907607167,0.985173919394399,FALSE,"Neither","Baseline"
"SLC2A1",0.412269305322018,0.985173919394399,FALSE,"Neither","Baseline"
"PTPN6",-0.830394363764189,0.985173919394399,FALSE,"Neither","Baseline"
"HLA-DPA1",0.741092295119179,0.985173919394399,FALSE,"Neither","Baseline"
"ITGA5",-0.790679404128248,0.985173919394399,FALSE,"Neither","Baseline"
"CD44",-0.769921212681453,0.985173919394399,FALSE,"Neither","Baseline"
"ATG12",0.390987004418582,0.985173919394399,FALSE,"Neither","Baseline"
"IL1RAP",-0.734388421293335,0.985173919394399,FALSE,"Neither","Baseline"
"CD274",-0.761643655913673,0.985173919394399,FALSE,"Neither","Baseline"
"GBP1",-0.806099991198993,0.985173919394399,FALSE,"Neither","Baseline"
"CD3E",0.504601545996113,0.985173919394399,FALSE,"Neither","Baseline"
"EIF2AK2",0.399193778419543,0.985173919394399,FALSE,"Neither","Baseline"
"BCL2",0.391290873208486,0.985173919394399,FALSE,"Neither","Baseline"
"SLAMF7",0.499320387680834,0.985173919394399,FALSE,"Neither","Baseline"
"MMP9",-0.767068358869633,0.985173919394399,FALSE,"Neither","Baseline"
"CR1",-0.33759284809958,0.985173919394399,FALSE,"Neither","Baseline"
"S100A8",-0.697490454403747,0.985173919394399,FALSE,"Neither","Baseline"
"HLA-DRA",0.378745717575057,0.985173919394399,FALSE,"Neither","Baseline"
"TFRC",0.337068260829192,0.985173919394399,FALSE,"Neither","Baseline"
"ARG2",-0.72576042613005,0.985173919394399,FALSE,"Neither","Baseline"
"IKZF1",0.608003419065536,0.985173919394399,FALSE,"Neither","Baseline"
"IFI16",0.435196559232478,0.985173919394399,FALSE,"Neither","Baseline"
"LITAF",-0.722808770051149,0.985173919394399,FALSE,"Neither","Baseline"
"ROCK2",0.319947233621034,0.985173919394399,FALSE,"Neither","Baseline"
"NFIL3",-0.429254320309426,0.985173919394399,FALSE,"Neither","Baseline"
"BCL6",-0.688493269506242,0.985173919394399,FALSE,"Neither","Baseline"
"GZMA",-0.6838366174191,0.985173919394399,FALSE,"Neither","Baseline"
"CYBB",0.516458982521364,0.985173919394399,FALSE,"Neither","Baseline"
"F13A1",0.498920203883609,0.985173919394399,FALSE,"Neither","Baseline"
"GPR183",0.434758388990124,0.985173919394399,FALSE,"Neither","Baseline"
"CCRL2",-0.656658029114064,0.985173919394399,FALSE,"Neither","Baseline"
"SYK",-0.646101494246036,0.985173919394399,FALSE,"Neither","Baseline"
"LEF1",-0.522497764280788,0.985173919394399,FALSE,"Neither","Baseline"
"C14orf166",0.608696152191522,0.985173919394399,FALSE,"Neither","Baseline"
"ZAP70",-0.529111333786298,0.985173919394399,FALSE,"Neither","Baseline"
"CD19",0.359445468304875,0.985173919394399,FALSE,"Neither","Baseline"
"TAP1",0.415694899804123,0.985173919394399,FALSE,"Neither","Baseline"
"TP53",0.287458723783502,0.985173919394399,FALSE,"Neither","Baseline"
"BAX",-0.60186217866076,0.985173919394399,FALSE,"Neither","Baseline"
"RHOA",0.525443318290744,0.985173919394399,FALSE,"Neither","Baseline"
"MAPK3",-0.504664754102951,0.985173919394399,FALSE,"Neither","Baseline"
"CD59",-0.611061151813944,0.985173919394399,FALSE,"Neither","Baseline"
"CD47",0.405078258642952,0.985173919394399,FALSE,"Neither","Baseline"
"PTPRC",0.315743749206536,0.985173919394399,FALSE,"Neither","Baseline"
"IL10RA",0.523257505871742,0.985173919394399,FALSE,"Neither","Baseline"
"STAT3",-0.592043262918171,0.985173919394399,FALSE,"Neither","Baseline"
"UBE2L3",0.449913365636307,0.985173919394399,FALSE,"Neither","Baseline"
"IFNGR2",-0.562559185757047,0.985173919394399,FALSE,"Neither","Baseline"
"ILF3",-0.484736803226985,0.985173919394399,FALSE,"Neither","Baseline"
"TAGAP",-0.584734811679835,0.985173919394399,FALSE,"Neither","Baseline"
"PRKCB",0.484774039550613,0.985173919394399,FALSE,"Neither","Baseline"
"HLA-A",0.824112776976925,0.985173919394399,FALSE,"Neither","Baseline"
"TOLLIP",0.263169117790784,0.985173919394399,FALSE,"Neither","Baseline"
"PRKCD",-0.515195661157572,0.985173919394399,FALSE,"Neither","Baseline"
"KLRK1",-0.587390206605409,0.985173919394399,FALSE,"Neither","Baseline"
"CD79A",0.324466368438902,0.985173919394399,FALSE,"Neither","Baseline"
"C4BPA",0.596402627027137,0.985173919394399,FALSE,"Neither","Baseline"
"BCL3",-0.496862939774076,0.985173919394399,FALSE,"Neither","Baseline"
"HLA-DPB1",-0.560168801828926,0.985173919394399,FALSE,"Neither","Baseline"
"TLR6",-0.524432767120006,0.985173919394399,FALSE,"Neither","Baseline"
"IFIT1",-0.612747015726503,0.985173919394399,FALSE,"Neither","Baseline"
"JAK3",-0.399373996376955,0.985173919394399,FALSE,"Neither","Baseline"
"RUNX1",-0.469298389845447,0.985173919394399,FALSE,"Neither","Baseline"
"DDX50",0.4168390447165,0.985173919394399,FALSE,"Neither","Baseline"
"USP9Y",-0.531893529207322,0.985173919394399,FALSE,"Neither","Baseline"
"CFP",0.440436622947313,0.985173919394399,FALSE,"Neither","Baseline"
"CCL5",-0.545499594325641,0.985173919394399,FALSE,"Neither","Baseline"
"TLR4",-0.520552722986931,0.985173919394399,FALSE,"Neither","Baseline"
"SIRPA",-0.504802716931176,0.985173919394399,FALSE,"Neither","Baseline"
"FLT3LG",0.377895763162371,0.985173919394399,FALSE,"Neither","Baseline"
"PTAFR",-0.454874958948647,0.985173919394399,FALSE,"Neither","Baseline"
"IL10RB",-0.473484035074581,0.985173919394399,FALSE,"Neither","Baseline"
"PECAM1",-0.494981027428118,0.985173919394399,FALSE,"Neither","Baseline"
"TGFBR2",-0.494822165576213,0.985173919394399,FALSE,"Neither","Baseline"
"HIF1A",-0.458489033202879,0.985173919394399,FALSE,"Neither","Baseline"
"TNFSF8",-0.322859571655215,0.985173919394399,FALSE,"Neither","Baseline"
"CXCR1",-0.487699489860375,0.985173919394399,FALSE,"Neither","Baseline"
"IRAK3",-0.523415424934091,0.985173919394399,FALSE,"Neither","Baseline"
"LILRA3",-0.495965996671206,0.985173919394399,FALSE,"Neither","Baseline"
"PTGER4",-0.373299263902693,0.985173919394399,FALSE,"Neither","Baseline"
"IFI44",-0.710270547330715,0.985173919394399,FALSE,"Neither","Baseline"
"IKZF3",-0.431234406160572,0.985173919394399,FALSE,"Neither","Baseline"
"IL17RA",-0.408763957275704,0.985173919394399,FALSE,"Neither","Baseline"
"TGFB1",0.343957492145144,0.985173919394399,FALSE,"Neither","Baseline"
"STAT5A",-0.364970900801076,0.985173919394399,FALSE,"Neither","Baseline"
"S100A9",-0.437499070710835,0.985173919394399,FALSE,"Neither","Baseline"
"IL12RB2",-0.326812930057328,0.985173919394399,FALSE,"Neither","Baseline"
"MAPK1",-0.423617259156078,0.985173919394399,FALSE,"Neither","Baseline"
"HLA-DMA",-0.414067875521695,0.985173919394399,FALSE,"Neither","Baseline"
"CD97",-0.410230712151623,0.985173919394399,FALSE,"Neither","Baseline"
"CCR1",-0.323427276107881,0.985173919394399,FALSE,"Neither","Baseline"
"FYN",0.373463492524758,0.985173919394399,FALSE,"Neither","Baseline"
"KLRF1",-0.423550939161181,0.985173919394399,FALSE,"Neither","Baseline"
"ITGB2",-0.40311632433397,0.985173919394399,FALSE,"Neither","Baseline"
"LCP2",0.316878546437287,0.985173919394399,FALSE,"Neither","Baseline"
"CASP1",-0.416969030917929,0.985173919394399,FALSE,"Neither","Baseline"
"CD82",-0.40086911284893,0.985173919394399,FALSE,"Neither","Baseline"
"CFL1",0.330645668795778,0.985173919394399,FALSE,"Neither","Baseline"
"IFNAR1",-0.265057710676633,0.985173919394399,FALSE,"Neither","Baseline"
"NR3C1",-0.380783142701096,0.985173919394399,FALSE,"Neither","Baseline"
"TGFBR1",-0.384641964626747,0.985173919394399,FALSE,"Neither","Baseline"
"TLR8",-0.382599566997845,0.985173919394399,FALSE,"Neither","Baseline"
"C10orf54",0.336195373204724,0.985173919394399,FALSE,"Neither","Baseline"
"KLRD1",0.383194430793791,0.985173919394399,FALSE,"Neither","Baseline"
"IL2RG",-0.39769309846387,0.985173919394399,FALSE,"Neither","Baseline"
"PSMB9",-0.450986802491213,0.985173919394399,FALSE,"Neither","Baseline"
"IL1R2",-0.395253795707049,0.985173919394399,FALSE,"Neither","Baseline"
"EOMES",0.285132344072207,0.985173919394399,FALSE,"Neither","Baseline"
"C5aR1",0.362943121276181,0.985173919394399,FALSE,"Neither","Baseline"
"NFKBIA",-0.358674922133909,0.985173919394399,FALSE,"Neither","Baseline"
"ITGAX",-0.42404444376719,0.985173919394399,FALSE,"Neither","Baseline"
"CD86",0.310240551551636,0.985173919394399,FALSE,"Neither","Baseline"
"IL16",-0.355593452847257,0.985173919394399,FALSE,"Neither","Baseline"
"JAK2",-0.336590013082123,0.985173919394399,FALSE,"Neither","Baseline"
"STAT5B",-0.358189057305751,0.985173919394399,FALSE,"Neither","Baseline"
"CD58",-0.378492326278828,0.985173919394399,FALSE,"Neither","Baseline"
"TGFBI",0.33821901530335,0.985173919394399,FALSE,"Neither","Baseline"
"CAMP",-0.381961085078355,0.985173919394399,FALSE,"Neither","Baseline"
"LY96",-0.34290573495254,0.985173919394399,FALSE,"Neither","Baseline"
"CD7",-0.32767361414612,0.985173919394399,FALSE,"Neither","Baseline"
"MX1",0.530897969937168,0.985173919394399,FALSE,"Neither","Baseline"
"JAK1",0.29454946764325,0.985173919394399,FALSE,"Neither","Baseline"
"MAP2K1",-0.296448340692647,0.985173919394399,FALSE,"Neither","Baseline"
"LTB",-0.337668233551929,0.985173919394399,FALSE,"Neither","Baseline"
"CREB1",-0.296024550007211,0.985173919394399,FALSE,"Neither","Baseline"
"KLRC2",-0.370046231063612,0.985173919394399,FALSE,"Neither","Baseline"
"CCND3",-0.356481980787699,0.985173919394399,FALSE,"Neither","Baseline"
"MS4A1",0.326582406760059,0.985173919394399,FALSE,"Neither","Baseline"
"CLEC4A",-0.34899445132179,0.985173919394399,FALSE,"Neither","Baseline"
"CD81",0.271872546771034,0.985173919394399,FALSE,"Neither","Baseline"
"GP1BB",0.297351874056687,0.985173919394399,FALSE,"Neither","Baseline"
"FCAR",0.34458029532631,0.985173919394399,FALSE,"Neither","Baseline"
"RAC1",0.251633325439194,0.985173919394399,FALSE,"Neither","Baseline"
"NFE2L2",-0.29087833816156,0.985173919394399,FALSE,"Neither","Baseline"
"CD3D",0.345759711008739,0.985173919394399,FALSE,"Neither","Baseline"
"TAPBP",0.267489226159746,0.985173919394399,FALSE,"Neither","Baseline"
"PPIA",0.276771326950241,0.985173919394399,FALSE,"Neither","Baseline"
"NFATC3",-0.225584341208123,0.985173919394399,FALSE,"Neither","Baseline"
"IFNGR1",-0.28528173508526,0.985173919394399,FALSE,"Neither","Baseline"
"ICAM4",-0.257774997373341,0.985173919394399,FALSE,"Neither","Baseline"
"FCGR1A",-0.271228900660173,0.985173919394399,FALSE,"Neither","Baseline"
"CD14",-0.288654186598613,0.985173919394399,FALSE,"Neither","Baseline"
"GPI",-0.211341242655756,0.985173919394399,FALSE,"Neither","Baseline"
"CLEC7A",-0.198340842820215,0.985173919394399,FALSE,"Neither","Baseline"
"IL18RAP",-0.357864239936243,0.985173919394399,FALSE,"Neither","Baseline"
"MYC",-0.280135480605868,0.985173919394399,FALSE,"Neither","Baseline"
"CX3CR1",-0.215921624873676,0.985173919394399,FALSE,"Neither","Baseline"
"STAT6",-0.262229699462168,0.985173919394399,FALSE,"Neither","Baseline"
"PRF1",-0.188910979365172,0.989099084519073,FALSE,"Neither","Baseline"
"CD68",0.215609317608154,0.985173919394399,FALSE,"Neither","Baseline"
"LILRA5",-0.276912482426737,0.985173919394399,FALSE,"Neither","Baseline"
"CDC42",0.253359257701225,0.985173919394399,FALSE,"Neither","Baseline"
"ICAM2",-0.16261126248969,0.992851195897415,FALSE,"Neither","Baseline"
"NCF4",-0.29556287482202,0.985173919394399,FALSE,"Neither","Baseline"
"RPS6KA5",-0.286299382796491,0.985173919394399,FALSE,"Neither","Baseline"
"IRF3",-0.172370078795527,0.989099084519073,FALSE,"Neither","Baseline"
"ATM",-0.240812510206419,0.985173919394399,FALSE,"Neither","Baseline"
"CTNNB1",-0.327625650613157,0.985173919394399,FALSE,"Neither","Baseline"
"CD6",-0.272364851000304,0.985173919394399,FALSE,"Neither","Baseline"
"GNAQ",0.186941439826256,0.985173919394399,FALSE,"Neither","Baseline"
"FKBP5",-0.194187091406228,0.985173919394399,FALSE,"Neither","Baseline"
"TARP",0.119630664767911,0.996822196897939,FALSE,"Neither","Baseline"
"IFIT2",-0.28403210094986,0.985173919394399,FALSE,"Neither","Baseline"
"CASP8",0.0393638741735476,0.999027187406693,FALSE,"Neither","Baseline"
"PTK2",-0.0250549556967368,0.999027187406693,FALSE,"Neither","Baseline"
"TYK2",-0.263964719059944,0.985173919394399,FALSE,"Neither","Baseline"
"BID",-0.245787162411604,0.985173919394399,FALSE,"Neither","Baseline"
"EWSR1",-0.119710497087343,0.996822196897939,FALSE,"Neither","Baseline"
"PTGS2",-0.0203867831653888,0.999027187406693,FALSE,"Neither","Baseline"
"NOTCH2",-0.118898122814544,0.992851195897415,FALSE,"Neither","Baseline"
"CD164",-0.0800363726240878,0.997522633135897,FALSE,"Neither","Baseline"
"IFIT3",0.181883960466074,0.992851195897415,FALSE,"Neither","Baseline"
"TUBB",0.00300029722161632,0.999027187406693,FALSE,"Neither","Baseline"
"ANP32B",-0.12236117019917,0.992851195897415,FALSE,"Neither","Baseline"
"LCK",-0.175158667082442,0.985173919394399,FALSE,"Neither","Baseline"
"ITGB1",-0.23541242080343,0.985173919394399,FALSE,"Neither","Baseline"
"NOD2",-0.190583028167771,0.985173919394399,FALSE,"Neither","Baseline"
"ITGAL",-0.0845681858190392,0.996822196897939,FALSE,"Neither","Baseline"
"MX2",0.144429377979208,0.992851195897415,FALSE,"Neither","Baseline"
"MAP2K4",-0.145454604224772,0.992851195897415,FALSE,"Neither","Baseline"
"PSMC2",-0.0397976014710828,0.999027187406693,FALSE,"Neither","Baseline"
"TLR2",-0.239924225038077,0.985173919394399,FALSE,"Neither","Baseline"
"MME",0.27091658684539,0.985173919394399,FALSE,"Neither","Baseline"
"TAL1",-0.191189111869283,0.985173919394399,FALSE,"Neither","Baseline"
"CD22",0.257116566435215,0.985173919394399,FALSE,"Neither","Baseline"
"BIRC2",-0.206897631019528,0.985173919394399,FALSE,"Neither","Baseline"
"KCNJ2",0.00302544589527542,0.999027187406693,FALSE,"Neither","Baseline"
"TNFSF13B",-0.285301764198339,0.985173919394399,FALSE,"Neither","Baseline"
"IL13RA1",-0.238319319428403,0.985173919394399,FALSE,"Neither","Baseline"
"LAIR1",-0.0880139957399937,0.996822196897939,FALSE,"Neither","Baseline"
"GRB2",-0.0279994838081858,0.999027187406693,FALSE,"Neither","Baseline"
"CASP3",0.238222836180491,0.985173919394399,FALSE,"Neither","Baseline"
"S1PR1",0.130096138839949,0.992851195897415,FALSE,"Neither","Baseline"
"CXCR4",0.173736197458686,0.985173919394399,FALSE,"Neither","Baseline"
"FAS",-0.206501270249644,0.985173919394399,FALSE,"Neither","Baseline"
"ITGA2B",0.1605602285789,0.985173919394399,FALSE,"Neither","Baseline"
"POLR2A",-0.101944585126407,0.992851195897415,FALSE,"Neither","Baseline"
"IL1R1",-0.0791187199999488,0.996822196897939,FALSE,"Neither","Baseline"
"NFATC1",-0.276226943313618,0.985173919394399,FALSE,"Neither","Baseline"
"APP",-0.134896136707125,0.992851195897415,FALSE,"Neither","Baseline"
"KIR3DL2",-0.34314525577065,0.985173919394399,FALSE,"Neither","Baseline"
"MAP4K2",0.245332968067662,0.985173919394399,FALSE,"Neither","Baseline"
"CLEC4E",-0.12204076636697,0.992851195897415,FALSE,"Neither","Baseline"
"TNFRSF1B",-0.152413397164189,0.985173919394399,FALSE,"Neither","Baseline"
"CSF2RB",-0.132241425735748,0.992851195897415,FALSE,"Neither","Baseline"
"TAP2",-0.283381947972424,0.985173919394399,FALSE,"Neither","Baseline"
"IGF2R",0.222126235135356,0.985173919394399,FALSE,"Neither","Baseline"
"RARRES3",-0.144455924592219,0.992851195897415,FALSE,"Neither","Baseline"
"EIF2A",0.0584524222802543,0.999027187406693,FALSE,"Neither","Baseline"
"PTPN2",-0.202391362431294,0.985173919394399,FALSE,"Neither","Baseline"
"HLA-DQB1",-0.0703942070120149,0.996822196897939,FALSE,"Neither","Baseline"
"CD3G",0.0720355693117387,0.996822196897939,FALSE,"Neither","Baseline"
"CSF1R",-0.142412358017225,0.985173919394399,FALSE,"Neither","Baseline"
"FN1",0.179031425133942,0.985173919394399,FALSE,"Neither","Baseline"
"ATF2",0.205116810034122,0.985173919394399,FALSE,"Neither","Baseline"
"PSMB7",-0.044212969987079,0.999027187406693,FALSE,"Neither","Baseline"
"STAT1",-0.182812248095882,0.985173919394399,FALSE,"Neither","Baseline"
"BST2",0.244548327386974,0.985173919394399,FALSE,"Neither","Baseline"
"IL1RN",-0.303790655957258,0.985173919394399,FALSE,"Neither","Baseline"
"MAP3K1",-0.0187116297165328,0.999027187406693,FALSE,"Neither","Baseline"
"IL8",-0.283603036680487,0.985173919394399,FALSE,"Neither","Baseline"
"LILRA2",0.335789001963805,0.985173919394399,FALSE,"Neither","Baseline"
"GNAS",0.21544450195754,0.985173919394399,FALSE,"Neither","Baseline"
"ITGAM",0.00811367972901778,0.999027187406693,FALSE,"Neither","Baseline"
"HMGB2",0.0675793187909743,0.996822196897939,FALSE,"Neither","Baseline"
"CD53",0.187380869630639,0.985173919394399,FALSE,"Neither","Baseline"
"IKZF2",0.324024117491211,0.985173919394399,FALSE,"Neither","Baseline"
"IDO1",0.119945976968159,0.992851195897415,FALSE,"Neither","Baseline"
"CD28",0.215859559179208,0.985173919394399,FALSE,"Neither","Baseline"
"BCAP31",-0.182806689433383,0.985173919394399,FALSE,"Neither","Baseline"
"MALT1",-0.0156795404462038,0.999027187406693,FALSE,"Neither","Baseline"
"IL6ST",-0.11618039437443,0.992851195897415,FALSE,"Neither","Baseline"
"CSF3R",-0.107377501979791,0.992851195897415,FALSE,"Neither","Baseline"
"MYD88",-0.15508022071147,0.985173919394399,FALSE,"Neither","Baseline"
"MAP4K1",0.124344896167024,0.992851195897415,FALSE,"Neither","Baseline"
"STAT4",-0.142907375727633,0.985173919394399,FALSE,"Neither","Baseline"
"CD99",0.197237802678991,0.985173919394399,FALSE,"Neither","Baseline"
"CD96",0.0546868035595676,0.999027187406693,FALSE,"Neither","Baseline"
"IRF1",0.00193545525311656,0.999027187406693,FALSE,"Neither","Baseline"
"SMAD2",-0.084513525737826,0.992851195897415,FALSE,"Neither","Baseline"
"GUSB",0.236996193726222,0.985173919394399,FALSE,"Neither","Baseline"
"PSMB8",0.124533754730292,0.985173919394399,FALSE,"Neither","Baseline"
"FCGRT",-0.129764730780183,0.985173919394399,FALSE,"Neither","Baseline"
"FCGR2A",-0.15746800091323,0.985173919394399,FALSE,"Neither","Baseline"
"XBP1",0.0243357816459859,0.999027187406693,FALSE,"Neither","Baseline"
"NFKB1",-0.00375075972340611,0.999027187406693,FALSE,"Neither","Baseline"
"IL11RA",-0.192429509905397,0.985173919394399,FALSE,"Neither","Baseline"
"IL2RB",0.108076613764691,0.992851195897415,FALSE,"Neither","Baseline"
"CCR4",0.217078156252625,0.985173919394399,FALSE,"Neither","Baseline"
"ETS1",0.0629718150014078,0.996822196897939,FALSE,"Neither","Baseline"
"LILRB2",0.234564340811012,0.985173919394399,FALSE,"Neither","Baseline"
"IL7R",0.133886561785443,0.985173919394399,FALSE,"Neither","Baseline"
"HDAC4",0.208620222599593,0.985173919394399,FALSE,"Neither","Baseline"
"CD74",0.209149687026494,0.985173919394399,FALSE,"Neither","Baseline"
"ICAM3",-0.0697776104084582,0.996822196897939,FALSE,"Neither","Baseline"
"PYCARD",-0.148019000352202,0.985173919394399,FALSE,"Neither","Baseline"
"C1QBP",0.077476691262282,0.996822196897939,FALSE,"Neither","Baseline"
"ATG5",-0.127190966949849,0.985173919394399,FALSE,"Neither","Baseline"
"CLU",0.146562883715228,0.985173919394399,FALSE,"Neither","Baseline"
"CEACAM8",-0.151596801839597,0.985173919394399,FALSE,"Neither","Baseline"
"MAP2K6",0.20447962137168,0.985173919394399,FALSE,"Neither","Baseline"
"IFIH1",-0.00253378712955943,0.999027187406693,FALSE,"Neither","Baseline"
"IRF8",0.190973920929196,0.985173919394399,FALSE,"Neither","Baseline"
"PRDM1",-0.0904366243178121,0.992851195897415,FALSE,"Neither","Baseline"
"CFD",-0.044910235383183,0.999027187406693,FALSE,"Neither","Baseline"
"SKI",0.188622889454588,0.985173919394399,FALSE,"Neither","Baseline"
"CD1C",0.0952487670418165,0.992851195897415,FALSE,"Neither","Baseline"
"MIF",0.156647276143133,0.985173919394399,FALSE,"Neither","Baseline"
"HDAC3",-0.0944441556044193,0.992851195897415,FALSE,"Neither","Baseline"
"SHC1",-0.143723304038289,0.985173919394399,FALSE,"Neither","Baseline"
"CCR5",0.171741468559869,0.985173919394399,FALSE,"Neither","Baseline"
"LILRA1",-0.195413667897803,0.985173919394399,FALSE,"Neither","Baseline"
"OAS3",-0.159346659301624,0.985173919394399,FALSE,"Neither","Baseline"
"GNB1",0.019512219981161,0.999027187406693,FALSE,"Neither","Baseline"
"MAP4K4",0.0564059189334998,0.998060576299164,FALSE,"Neither","Baseline"
"ARHGDIB",0.145725098007249,0.985173919394399,FALSE,"Neither","Baseline"
"CTSS",0.140741487870907,0.985173919394399,FALSE,"Neither","Baseline"
"CD48",0.0864102550498913,0.992851195897415,FALSE,"Neither","Baseline"
"PTGS1",0.206080192689296,0.985173919394399,FALSE,"Neither","Baseline"
"NOTCH1",-0.134239016609497,0.985173919394399,FALSE,"Neither","Baseline"
"TNFAIP3",0.00967055706178677,0.999027187406693,FALSE,"Neither","Baseline"
"AHR",0.154795601974663,0.985173919394399,FALSE,"Neither","Baseline"
"GZMH",0.1604952471634,0.985173919394399,FALSE,"Neither","Baseline"
"NFKBIZ",-0.0266274314717609,0.999027187406693,FALSE,"Neither","Baseline"
"NFKB2",0.185451744751816,0.985173919394399,FALSE,"Neither","Baseline"
"IKBKAP",0.148486434950874,0.985173919394399,FALSE,"Neither","Baseline"
"SIGIRR",-0.104820472832669,0.992851195897415,FALSE,"Neither","Baseline"
"HSH2D",-0.181078005094618,0.985173919394399,FALSE,"Neither","Baseline"
"FCER1G",0.0581253923783578,0.996822196897939,FALSE,"Neither","Baseline"
"MAX",0.0446357486712827,0.996822196897939,FALSE,"Neither","Baseline"
"GZMB",0.162427018205662,0.985173919394399,FALSE,"Neither","Baseline"
"SOCS3",-0.180901867071008,0.985173919394399,FALSE,"Neither","Baseline"
"ABCF1",0.155347071353427,0.985173919394399,FALSE,"Neither","Baseline"
"PSMD7",-0.00400522777290657,0.999027187406693,FALSE,"Neither","Baseline"
"ISG20",0.00043698897057709,0.999027187406693,FALSE,"Neither","Baseline"
"HLA-DRB1",0.0307413321477696,0.999027187406693,FALSE,"Neither","Baseline"
"C5",0.125223892557116,0.985173919394399,FALSE,"Neither","Baseline"
"CASP10",0.113268509139328,0.985173919394399,FALSE,"Neither","Baseline"
"G6PD",-0.16982583202794,0.985173919394399,FALSE,"Neither","Baseline"
"FADD",0.175043245815155,0.985173919394399,FALSE,"Neither","Baseline"
"FOS",-0.0404283176896101,0.999027187406693,FALSE,"Neither","Baseline"
"RAF1",-0.161000880430326,0.985173919394399,FALSE,"Neither","Baseline"
"TYROBP",0.0748472118719707,0.992851195897415,FALSE,"Neither","Baseline"
"MCL1",0.0341209574119485,0.999027187406693,FALSE,"Neither","Baseline"
"CASP2",-0.149472323118376,0.985173919394399,FALSE,"Neither","Baseline"
"TNFSF13",-0.0993010783131787,0.992851195897415,FALSE,"Neither","Baseline"
"MAP3K5",0.0424941759560813,0.998410516357544,FALSE,"Neither","Baseline"
"IRAK4",0.0822768422370341,0.992851195897415,FALSE,"Neither","Baseline"
"HLA-B",-0.101042717975607,0.992851195897415,FALSE,"Neither","Baseline"
"ALOX15",-0.185182686547931,0.985173919394399,FALSE,"Neither","Baseline"
"CDKN1A",-0.132432332672284,0.985173919394399,FALSE,"Neither","Baseline"
"BCL2L11",-0.051179252033239,0.996822196897939,FALSE,"Neither","Baseline"
"CD247",0.0214537457867463,0.999027187406693,FALSE,"Neither","Baseline"
"CD38",-0.00526191493147099,0.999027187406693,FALSE,"Neither","Baseline"
"IFNAR2",-0.0510050043973331,0.996822196897939,FALSE,"Neither","Baseline"
"SDHA",-0.0393666970429907,0.999027187406693,FALSE,"Neither","Baseline"
"IFITM1",-0.0670231840584474,0.996822196897939,FALSE,"Neither","Baseline"
"IKBKB",0.000495529944693374,0.999027187406693,FALSE,"Neither","Baseline"
"DOCK9",0.188195781544457,0.985173919394399,FALSE,"Neither","Baseline"
"CD8B",0.0218431486326782,0.999027187406693,FALSE,"Neither","Baseline"
"REPS1",-0.0181820017937566,0.999027187406693,FALSE,"Neither","Baseline"
"CIITA",0.119104814144331,0.985173919394399,FALSE,"Neither","Baseline"
"SELL",-0.0182131231572349,0.999027187406693,FALSE,"Neither","Baseline"
"CD2",-0.0723263899672144,0.992851195897415,FALSE,"Neither","Baseline"
"IL7",0.166787864132871,0.985173919394399,FALSE,"Neither","Baseline"
"PSMB10",0.131174772340724,0.985173919394399,FALSE,"Neither","Baseline"
"MAFG",0.13824103372927,0.985173919394399,FALSE,"Neither","Baseline"
"HLA-DMB",0.110949205156577,0.985173919394399,FALSE,"Neither","Baseline"
"IRAK1",0.016786134395832,0.999027187406693,FALSE,"Neither","Baseline"
"IL9",0.218724811856335,0.985173919394399,FALSE,"Neither","Baseline"
"RIPK1",0.125035816263271,0.985173919394399,FALSE,"Neither","Baseline"
"FCGR2B",0.110353276014544,0.985173919394399,FALSE,"Neither","Baseline"
"DDX58",-0.0313558055233933,0.999027187406693,FALSE,"Neither","Baseline"
"MAP3K7",0.141698269684439,0.985173919394399,FALSE,"Neither","Baseline"
"IRF4",0.0860686770407559,0.985173919394399,FALSE,"Neither","Baseline"
"MEF2D",0.0368141382461555,0.998060576299164,FALSE,"Neither","Baseline"
"CHUK",-0.103061221820158,0.985173919394399,FALSE,"Neither","Baseline"
"TCF7",0.157004442736167,0.985173919394399,FALSE,"Neither","Baseline"
"TRAF3",0.0879736997818101,0.985173919394399,FALSE,"Neither","Baseline"
"CD1A",0.126337261801486,0.985173919394399,FALSE,"Neither","Baseline"
"TIRAP",0.149338001588452,0.985173919394399,FALSE,"Neither","Baseline"
"TIGIT",0.0820314522129415,0.992851195897415,FALSE,"Neither","Baseline"
"RELA",0.123369333209139,0.985173919394399,FALSE,"Neither","Baseline"
"TRAF5",-0.0526067288748653,0.996822196897939,FALSE,"Neither","Baseline"
"MAPK14",-0.0149964159627132,0.999027187406693,FALSE,"Neither","Baseline"
"ALOX5",-0.0900489501067225,0.985173919394399,FALSE,"Neither","Baseline"
"JUN",0.0896133219001252,0.985173919394399,FALSE,"Neither","Baseline"
"ITGA6",0.0396066489939022,0.999027187406693,FALSE,"Neither","Baseline"
"ATG10",0.0363248598858465,0.996822196897939,FALSE,"Neither","Baseline"
"HMGB1",-0.0440446948199806,0.996822196897939,FALSE,"Neither","Baseline"
"ICOS",0.0529477695001157,0.996822196897939,FALSE,"Neither","Baseline"
"TNFRSF14",-0.0926236234772029,0.985173919394399,FALSE,"Neither","Baseline"
"CD40LG",-0.00553057465453755,0.999027187406693,FALSE,"Neither","Baseline"
"OAZ1",0.0826996796790169,0.985173919394399,FALSE,"Neither","Baseline"
"CD5",0.0977867739877265,0.985173919394399,FALSE,"Neither","Baseline"
"FPR2",-0.0263099415278223,0.999027187406693,FALSE,"Neither","Baseline"
"TMEM173",0.0447558339154899,0.996822196897939,FALSE,"Neither","Baseline"
"B2M",0.0118289949374653,0.999027187406693,FALSE,"Neither","Baseline"
"BTLA",0.0924857516477493,0.992851195897415,FALSE,"Neither","Baseline"
"UBB",-0.120262014865972,0.985173919394399,FALSE,"Neither","Baseline"
"CD79B",0.0161514461486449,0.999027187406693,FALSE,"Neither","Baseline"
"ZEB1",0.0698900561974112,0.992851195897415,FALSE,"Neither","Baseline"
"CCR3",0.0407907017487767,0.996822196897939,FALSE,"Neither","Baseline"
"FCAR",-1.8298695716726,0.0484102502302931,TRUE,"Control","4 DPI"
"CD8B",1.46904787702323,0.0484102502302931,TRUE,"Vaccinated","4 DPI"
"SIGIRR",1.44410528506304,0.0484102502302931,TRUE,"Vaccinated","4 DPI"
"TIGIT",1.35535816112885,0.0484102502302931,TRUE,"Vaccinated","4 DPI"
"GZMK",2.47970598386125,0.0484102502302931,TRUE,"Vaccinated","4 DPI"
"S100A8",-2.11149772932226,0.0484102502302931,TRUE,"Control","4 DPI"
"NFATC2",1.28914385457588,0.0484102502302931,TRUE,"Vaccinated","4 DPI"
"CD8A",1.45164241380562,0.0484102502302931,TRUE,"Vaccinated","4 DPI"
"S100A9",-2.12088905404959,0.0484102502302931,TRUE,"Control","4 DPI"
"CSF1",1.18306795177282,0.0493231272049472,TRUE,"Vaccinated","4 DPI"
"IKZF3",1.36968630383146,0.0517673497155365,FALSE,"Neither","4 DPI"
"CCR5",1.66013668869063,0.0536006248281144,FALSE,"Neither","4 DPI"
"MAP2K1",1.44758108804164,0.0566864843517858,FALSE,"Neither","4 DPI"
"S1PR1",1.23713245208701,0.0612367268182014,FALSE,"Neither","4 DPI"
"ERCC3",1.06995218165403,0.0612367268182014,FALSE,"Neither","4 DPI"
"EOMES",1.14286399572091,0.0656124982370303,FALSE,"Neither","4 DPI"
"CASP2",1.13958463302413,0.0674109391565511,FALSE,"Neither","4 DPI"
"TNFRSF14",1.04695074083562,0.0714583729686603,FALSE,"Neither","4 DPI"
"CD2",1.31241613232195,0.0731941025454478,FALSE,"Neither","4 DPI"
"CD3E",1.30785435739977,0.0752380121121201,FALSE,"Neither","4 DPI"
"MAP4K1",1.26363925115245,0.0879801442001759,FALSE,"Neither","4 DPI"
"SLAMF7",1.36757808494859,0.0929224309990938,FALSE,"Neither","4 DPI"
"IFIT1",-1.58345794672048,0.0954594306432045,FALSE,"Neither","4 DPI"
"NFKB2",0.970726850978686,0.0929224309990938,FALSE,"Neither","4 DPI"
"CXCR2",-1.67023394937159,0.0968537938998696,FALSE,"Neither","4 DPI"
"FASLG",0.987744819719438,0.0954594306432045,FALSE,"Neither","4 DPI"
"CXCR1",-1.8696246943129,0.0979897185276228,FALSE,"Neither","4 DPI"
"CD3G",1.55300654625804,0.102611352071524,FALSE,"Neither","4 DPI"
"IKZF2",0.988091139627454,0.102611352071524,FALSE,"Neither","4 DPI"
"IL1RAP",-1.22008742314236,0.103002657806697,FALSE,"Neither","4 DPI"
"ICAM1",0.950561359859736,0.102611352071524,FALSE,"Neither","4 DPI"
"TLR2",-1.40158964191355,0.103002657806697,FALSE,"Neither","4 DPI"
"IFIT3",-1.43409333330219,0.107371012315675,FALSE,"Neither","4 DPI"
"TUBB",1.13157627000909,0.103002657806697,FALSE,"Neither","4 DPI"
"IFI44",-1.35257017038907,0.107371012315675,FALSE,"Neither","4 DPI"
"CD27",0.890518059426452,0.103002657806697,FALSE,"Neither","4 DPI"
"CD6",1.15056753948628,0.110008190076156,FALSE,"Neither","4 DPI"
"TLR5",-1.28656552620681,0.113116801803293,FALSE,"Neither","4 DPI"
"TGFB1",0.944648911820265,0.113116801803293,FALSE,"Neither","4 DPI"
"IRF8",0.881872412497946,0.110008190076156,FALSE,"Neither","4 DPI"
"TMEM173",0.821650400493096,0.110008190076156,FALSE,"Neither","4 DPI"
"IFIT2",-1.6535125834112,0.120476743436848,FALSE,"Neither","4 DPI"
"TBX21",1.11814017938294,0.120476743436848,FALSE,"Neither","4 DPI"
"CD244",1.17855456273137,0.120476743436848,FALSE,"Neither","4 DPI"
"ITGA6",0.912976615286831,0.120476743436848,FALSE,"Neither","4 DPI"
"FYN",0.920333890953989,0.133355691062776,FALSE,"Neither","4 DPI"
"SH2D1A",1.11167666267064,0.133355691062776,FALSE,"Neither","4 DPI"
"MALT1",1.13815188152815,0.134396788186274,FALSE,"Neither","4 DPI"
"CD3D",0.922572348322653,0.134396788186274,FALSE,"Neither","4 DPI"
"ETS1",0.982463750766906,0.134396788186274,FALSE,"Neither","4 DPI"
"HLA-DQB1",1.08417284990941,0.134396788186274,FALSE,"Neither","4 DPI"
"DDX58",-1.14441439389854,0.134396788186274,FALSE,"Neither","4 DPI"
"KLRK1",1.17642379440841,0.134396788186274,FALSE,"Neither","4 DPI"
"IL1B",-1.06893371393014,0.134396788186274,FALSE,"Neither","4 DPI"
"GPI",1.08216929750345,0.134396788186274,FALSE,"Neither","4 DPI"
"RARRES3",0.966498639119616,0.134396788186274,FALSE,"Neither","4 DPI"
"FOS",-1.45431203901953,0.134396788186274,FALSE,"Neither","4 DPI"
"USP9Y",0.988126639772965,0.134396788186274,FALSE,"Neither","4 DPI"
"CD19",1.13710613311029,0.134396788186274,FALSE,"Neither","4 DPI"
"KLRC1",0.811568291213873,0.134396788186274,FALSE,"Neither","4 DPI"
"IKZF1",0.882184117987871,0.138194285464308,FALSE,"Neither","4 DPI"
"MYC",0.848878736445982,0.134396788186274,FALSE,"Neither","4 DPI"
"GPR183",1.10141395557529,0.14170330228813,FALSE,"Neither","4 DPI"
"DPP4",0.980410708517033,0.144477280573938,FALSE,"Neither","4 DPI"
"CD96",1.20608994406834,0.14170330228813,FALSE,"Neither","4 DPI"
"SLAMF1",0.829995860878928,0.138194285464308,FALSE,"Neither","4 DPI"
"HSH2D",-0.964753918180223,0.144596039615135,FALSE,"Neither","4 DPI"
"ITGAL",1.02040149628973,0.144596039615135,FALSE,"Neither","4 DPI"
"CCR1",-1.07977197785662,0.144596039615135,FALSE,"Neither","4 DPI"
"FADD",0.798237116427989,0.14170330228813,FALSE,"Neither","4 DPI"
"FLT3LG",0.870997447183003,0.146661263299007,FALSE,"Neither","4 DPI"
"PRF1",1.03933852836998,0.146661263299007,FALSE,"Neither","4 DPI"
"PTGS2",-1.11432240806005,0.146661263299007,FALSE,"Neither","4 DPI"
"TARP",1.12027473576155,0.146661263299007,FALSE,"Neither","4 DPI"
"NFATC3",0.837302298870718,0.146661263299007,FALSE,"Neither","4 DPI"
"ABCF1",0.933379626426056,0.149073976624133,FALSE,"Neither","4 DPI"
"GUSB",0.817376125514336,0.144596039615135,FALSE,"Neither","4 DPI"
"IL21R",0.689029069963508,0.14535313853531,FALSE,"Neither","4 DPI"
"MAFG",0.713447579721119,0.14535313853531,FALSE,"Neither","4 DPI"
"TNFSF12",0.920908208832036,0.15035289962743,FALSE,"Neither","4 DPI"
"ARG2",-1.1848320534824,0.155028867082122,FALSE,"Neither","4 DPI"
"MIF",1.0043625224451,0.155028867082122,FALSE,"Neither","4 DPI"
"IDO2",-1.36788065606743,0.158925902555372,FALSE,"Neither","4 DPI"
"ILF3",1.02977343892161,0.159951195497952,FALSE,"Neither","4 DPI"
"SELL",-1.1067127188055,0.170883109139359,FALSE,"Neither","4 DPI"
"CTSC",0.856384339392515,0.156897630459564,FALSE,"Neither","4 DPI"
"CSF3R",-1.16665197544949,0.159951195497952,FALSE,"Neither","4 DPI"
"ICOS",0.670617284761712,0.153375107515614,FALSE,"Neither","4 DPI"
"IRF3",0.896995759794359,0.166021705841426,FALSE,"Neither","4 DPI"
"HLA-DPA1",1.20905039911391,0.165078189518285,FALSE,"Neither","4 DPI"
"LCK",0.799596245370015,0.173294125966685,FALSE,"Neither","4 DPI"
"C1QBP",0.830207639591002,0.174533877653383,FALSE,"Neither","4 DPI"
"ATM",0.82930131393824,0.174533877653383,FALSE,"Neither","4 DPI"
"IL2RG",0.799480590926581,0.174533877653383,FALSE,"Neither","4 DPI"
"TRAF3",0.64415649066275,0.159951195497952,FALSE,"Neither","4 DPI"
"CX3CR1",1.25765109131231,0.174533877653383,FALSE,"Neither","4 DPI"
"MAP4K4",0.890946724791378,0.174533877653383,FALSE,"Neither","4 DPI"
"LILRB3",-1.00505209359188,0.174533877653383,FALSE,"Neither","4 DPI"
"C5",1.12590976567594,0.180027215196323,FALSE,"Neither","4 DPI"
"IFIH1",-0.864024259191376,0.180168475873181,FALSE,"Neither","4 DPI"
"CSF1R",0.990073825223499,0.18377099902065,FALSE,"Neither","4 DPI"
"IL8",-1.05605599773435,0.18377099902065,FALSE,"Neither","4 DPI"
"CD74",0.894086112408495,0.193320375264227,FALSE,"Neither","4 DPI"
"IL7R",0.773846266730752,0.18377099902065,FALSE,"Neither","4 DPI"
"DDIT3",-0.865879189517926,0.185305151648241,FALSE,"Neither","4 DPI"
"LILRA3",-1.18196137996288,0.18377099902065,FALSE,"Neither","4 DPI"
"HLA-A",1.01859591547175,0.18377099902065,FALSE,"Neither","4 DPI"
"CD83",0.635234083513758,0.174533877653383,FALSE,"Neither","4 DPI"
"ATG12",0.827462746925406,0.191872925457796,FALSE,"Neither","4 DPI"
"BCL6",-0.897846587221608,0.191872925457796,FALSE,"Neither","4 DPI"
"IL2RB",0.884705758021198,0.191872925457796,FALSE,"Neither","4 DPI"
"CAMP",-1.28650509449398,0.191872925457796,FALSE,"Neither","4 DPI"
"BCL2",0.739800578676359,0.195781536048013,FALSE,"Neither","4 DPI"
"KLRD1",1.05758028152435,0.191872925457796,FALSE,"Neither","4 DPI"
"PSMB7",0.736442513953765,0.195781536048013,FALSE,"Neither","4 DPI"
"HLA-DQA1",1.69398581497281,0.19988764489118,FALSE,"Neither","4 DPI"
"MS4A1",0.859446204861013,0.204079561276212,FALSE,"Neither","4 DPI"
"CCL5",1.02882247276224,0.207462848606294,FALSE,"Neither","4 DPI"
"SLAMF6",0.702911884975463,0.193433449237558,FALSE,"Neither","4 DPI"
"ITGA4",0.792598279822656,0.203641047584047,FALSE,"Neither","4 DPI"
"RAC1",0.704363986388163,0.204697268815164,FALSE,"Neither","4 DPI"
"GZMH",0.975843892082541,0.210444764688806,FALSE,"Neither","4 DPI"
"MX1",-0.784414655173599,0.210444764688806,FALSE,"Neither","4 DPI"
"TGFBI",0.828148300926625,0.210217795402479,FALSE,"Neither","4 DPI"
"MEF2D",0.745341373179595,0.204697268815164,FALSE,"Neither","4 DPI"
"CD46",0.714571135129349,0.209330157323038,FALSE,"Neither","4 DPI"
"MMP9",-1.34278293223701,0.210217795402479,FALSE,"Neither","4 DPI"
"SOCS3",-0.846821874230091,0.210444764688806,FALSE,"Neither","4 DPI"
"LY96",-1.06473992906894,0.210444764688806,FALSE,"Neither","4 DPI"
"OAS2",-0.806015643019368,0.215994838665771,FALSE,"Neither","4 DPI"
"HDAC3",0.851179986764087,0.215328381234157,FALSE,"Neither","4 DPI"
"SDHA",0.898538739481814,0.210444764688806,FALSE,"Neither","4 DPI"
"HLA-DPB1",0.835616945277977,0.210444764688806,FALSE,"Neither","4 DPI"
"FCGR2A",-1.12457543894664,0.212785262754557,FALSE,"Neither","4 DPI"
"OAS3",-0.768915750737113,0.215438493606156,FALSE,"Neither","4 DPI"
"IL1RN",-0.864165601177301,0.215438493606156,FALSE,"Neither","4 DPI"
"TIRAP",0.593695888156348,0.204697268815164,FALSE,"Neither","4 DPI"
"CD247",0.762356843315533,0.215438493606156,FALSE,"Neither","4 DPI"
"STAT6",0.705926623662995,0.215994838665771,FALSE,"Neither","4 DPI"
"CCR2",0.815002528229064,0.212785262754557,FALSE,"Neither","4 DPI"
"LILRA5",-0.851879471948052,0.215994838665771,FALSE,"Neither","4 DPI"
"SHC1",0.766683985451446,0.215994838665771,FALSE,"Neither","4 DPI"
"EWSR1",0.67242501071909,0.215438493606156,FALSE,"Neither","4 DPI"
"KLRF1",1.07477126841677,0.215994838665771,FALSE,"Neither","4 DPI"
"ICAM4",1.32081372950223,0.215994838665771,FALSE,"Neither","4 DPI"
"POLR2A",0.649090352112232,0.215994838665771,FALSE,"Neither","4 DPI"
"SLC2A1",0.913036919576495,0.215994838665771,FALSE,"Neither","4 DPI"
"CD274",-0.900126289157102,0.223021937775369,FALSE,"Neither","4 DPI"
"CFL1",0.698214488052344,0.215994838665771,FALSE,"Neither","4 DPI"
"JAK1",0.648147577806544,0.215994838665771,FALSE,"Neither","4 DPI"
"CCR7",0.681119997733129,0.210444764688806,FALSE,"Neither","4 DPI"
"MS4A2",0.735212125996936,0.210444764688806,FALSE,"Neither","4 DPI"
"SOCS1",-0.848919026743186,0.223486893857548,FALSE,"Neither","4 DPI"
"PPIA",0.767837265489893,0.223486893857548,FALSE,"Neither","4 DPI"
"PSMB10",0.766433953445078,0.225245876727939,FALSE,"Neither","4 DPI"
"CEACAM8",-1.10598092319709,0.21957829093589,FALSE,"Neither","4 DPI"
"IKBKAP",0.712216542402555,0.215994838665771,FALSE,"Neither","4 DPI"
"NFKB1",0.675304696475029,0.238204090467074,FALSE,"Neither","4 DPI"
"OAZ1",0.72731204709596,0.261559646707959,FALSE,"Neither","4 DPI"
"MR1",-0.682846164447341,0.243301730300878,FALSE,"Neither","4 DPI"
"SERPING1",0.769669547282303,0.215994838665771,FALSE,"Neither","4 DPI"
"TGFBR1",0.650109710222282,0.252504699404029,FALSE,"Neither","4 DPI"
"IL7",0.668790095335169,0.223486893857548,FALSE,"Neither","4 DPI"
"TBP",0.687452989623549,0.215994838665771,FALSE,"Neither","4 DPI"
"PTAFR",-0.836926142749444,0.250545031847339,FALSE,"Neither","4 DPI"
"IL6ST",0.688748642116829,0.252557825201795,FALSE,"Neither","4 DPI"
"GZMB",0.798277614941842,0.271343965967172,FALSE,"Neither","4 DPI"
"ANP32B",0.603580854141217,0.252504699404029,FALSE,"Neither","4 DPI"
"KLRG1",0.794729023243182,0.252504699404029,FALSE,"Neither","4 DPI"
"THBS1",0.70521290774899,0.261376005737578,FALSE,"Neither","4 DPI"
"C14orf166",0.669180217816056,0.261559646707959,FALSE,"Neither","4 DPI"
"SMAD2",0.592965770962056,0.280689739352488,FALSE,"Neither","4 DPI"
"HLA-DRB1",0.718700470641652,0.271343965967172,FALSE,"Neither","4 DPI"
"ZAP70",0.813632137056793,0.261559646707959,FALSE,"Neither","4 DPI"
"FCER1A",0.985690634655483,0.28256540574348,FALSE,"Neither","4 DPI"
"CLEC4E",-0.967243343377403,0.271343965967172,FALSE,"Neither","4 DPI"
"AKT3",0.641382946926022,0.28420383285891,FALSE,"Neither","4 DPI"
"ROCK2",0.611929148450225,0.288349851810916,FALSE,"Neither","4 DPI"
"HPRT1",0.601626526173898,0.290783990783497,FALSE,"Neither","4 DPI"
"HLA-DMB",0.816639510835769,0.290783990783497,FALSE,"Neither","4 DPI"
"CEBPB",-0.880361911866929,0.284237924835143,FALSE,"Neither","4 DPI"
"IFI16",-0.647422100138613,0.296428315480198,FALSE,"Neither","4 DPI"
"MAP3K5",0.67756104097714,0.290783990783497,FALSE,"Neither","4 DPI"
"ITGB2",0.684410338144495,0.288349851810916,FALSE,"Neither","4 DPI"
"TAP2",-0.572469607204086,0.290570874854363,FALSE,"Neither","4 DPI"
"CCRL2",-0.831849254765521,0.287862894373204,FALSE,"Neither","4 DPI"
"GNAS",0.549929719334637,0.290845384674195,FALSE,"Neither","4 DPI"
"PSMC2",0.548324799282589,0.290570874854363,FALSE,"Neither","4 DPI"
"CD79A",0.651858519553918,0.28420383285891,FALSE,"Neither","4 DPI"
"CD28",0.647126883571862,0.288349851810916,FALSE,"Neither","4 DPI"
"IFNGR1",-0.755496279275334,0.290783990783497,FALSE,"Neither","4 DPI"
"ITGB1",0.554290778290147,0.290845384674195,FALSE,"Neither","4 DPI"
"TAPBP",0.531735552315416,0.291123457759478,FALSE,"Neither","4 DPI"
"OAS1",-0.594573747771703,0.300353908565565,FALSE,"Neither","4 DPI"
"RHOA",0.542814218034225,0.296428315480198,FALSE,"Neither","4 DPI"
"FCGR1A",-0.549718999802836,0.296428315480198,FALSE,"Neither","4 DPI"
"ATG5",0.558041665163991,0.32195403200506,FALSE,"Neither","4 DPI"
"CD9",0.647739347532713,0.315243178883563,FALSE,"Neither","4 DPI"
"IL1R2",-0.876136806496436,0.318742863805081,FALSE,"Neither","4 DPI"
"CD47",0.499092631787326,0.313531011179622,FALSE,"Neither","4 DPI"
"C4BPA",0.866733790323453,0.331166740854891,FALSE,"Neither","4 DPI"
"GBP1",-0.648002674495768,0.341954899702464,FALSE,"Neither","4 DPI"
"CD1C",0.625977817020745,0.331166740854891,FALSE,"Neither","4 DPI"
"MAP4K2",0.661605697539542,0.32195403200506,FALSE,"Neither","4 DPI"
"PTPRC",0.55297639609128,0.338622029524488,FALSE,"Neither","4 DPI"
"JAK3",0.652907349256676,0.336346082627187,FALSE,"Neither","4 DPI"
"MAPK1",0.53138607040729,0.325784236650598,FALSE,"Neither","4 DPI"
"CREB1",0.502131497629565,0.327861338099359,FALSE,"Neither","4 DPI"
"MX2",-0.560991666882078,0.343790446307516,FALSE,"Neither","4 DPI"
"EIF2A",0.528275097374031,0.334915083773406,FALSE,"Neither","4 DPI"
"PTPN22",0.607721048417306,0.336346082627187,FALSE,"Neither","4 DPI"
"CSF2RB",-0.651874530846662,0.336346082627187,FALSE,"Neither","4 DPI"
"CYBB",0.589170627888983,0.336346082627187,FALSE,"Neither","4 DPI"
"BCL2L1",0.686949910332903,0.354897385054737,FALSE,"Neither","4 DPI"
"BCL3",-0.609378902770805,0.343790446307516,FALSE,"Neither","4 DPI"
"KCNJ2",-0.736487306819752,0.336346082627187,FALSE,"Neither","4 DPI"
"ARHGDIB",0.545567608283129,0.343790446307516,FALSE,"Neither","4 DPI"
"TLR4",-0.715296544570101,0.336346082627187,FALSE,"Neither","4 DPI"
"ISG20",-0.476196753203107,0.336346082627187,FALSE,"Neither","4 DPI"
"IFI35",-0.515384277396462,0.354379512843202,FALSE,"Neither","4 DPI"
"CD164",0.504244642335207,0.343790446307516,FALSE,"Neither","4 DPI"
"STAT5A",0.465914544178919,0.358813045792353,FALSE,"Neither","4 DPI"
"TLR1",-0.554685292964429,0.345279724205959,FALSE,"Neither","4 DPI"
"C5aR1",-0.550111946579125,0.36105588854698,FALSE,"Neither","4 DPI"
"CASP1",-0.5043590115204,0.354897385054737,FALSE,"Neither","4 DPI"
"OASL",-0.462712932480514,0.351102620262602,FALSE,"Neither","4 DPI"
"TNFSF13B",-0.630170163574896,0.358813045792353,FALSE,"Neither","4 DPI"
"PPBP",0.680854481065392,0.414861528169133,FALSE,"Neither","4 DPI"
"HLA-DRA",0.560229469678669,0.410762931425917,FALSE,"Neither","4 DPI"
"IL10RA",0.492033698305907,0.358813045792353,FALSE,"Neither","4 DPI"
"CD82",-0.667059195716247,0.385685233796134,FALSE,"Neither","4 DPI"
"IL15",0.607736055677577,0.37196688573967,FALSE,"Neither","4 DPI"
"IL12RB2",0.452835967247708,0.343790446307516,FALSE,"Neither","4 DPI"
"IL17RA",-0.483075844943992,0.389085705481729,FALSE,"Neither","4 DPI"
"ICAM2",0.429474076314609,0.387326111693705,FALSE,"Neither","4 DPI"
"CXCL10",0.570174841865006,0.391837766969373,FALSE,"Neither","4 DPI"
"IL18RAP",-0.708782010475821,0.400005538957957,FALSE,"Neither","4 DPI"
"TAGAP",-0.488125576172433,0.3946225033901,FALSE,"Neither","4 DPI"
"STAT4",0.577452346611738,0.42645724585578,FALSE,"Neither","4 DPI"
"REPS1",0.486145779011865,0.424576688593218,FALSE,"Neither","4 DPI"
"IRAK3",-0.799547137082554,0.414861528169133,FALSE,"Neither","4 DPI"
"MAPKAPK2",0.476919380219559,0.424576688593218,FALSE,"Neither","4 DPI"
"APP",0.475761645391998,0.424576688593218,FALSE,"Neither","4 DPI"
"IRAK4",0.467539758775104,0.440779601650166,FALSE,"Neither","4 DPI"
"HLA-DMA",0.475276663628458,0.421959093257476,FALSE,"Neither","4 DPI"
"TGFBR2",0.406859735660133,0.421959093257476,FALSE,"Neither","4 DPI"
"IDO1",-0.522043095236009,0.445130909933496,FALSE,"Neither","4 DPI"
"LGALS3",0.464057631138804,0.424576688593218,FALSE,"Neither","4 DPI"
"CD7",0.46471378788104,0.435249162945627,FALSE,"Neither","4 DPI"
"TAL1",0.513050154060648,0.451317146835156,FALSE,"Neither","4 DPI"
"ITGAM",-0.490452190468337,0.433957109992897,FALSE,"Neither","4 DPI"
"F13A1",0.507350939778959,0.435249162945627,FALSE,"Neither","4 DPI"
"NOTCH2",0.476015444725119,0.439470622684138,FALSE,"Neither","4 DPI"
"IL11RA",0.431028365375218,0.449296758282217,FALSE,"Neither","4 DPI"
"IRAK1",0.46151300433006,0.445130909933496,FALSE,"Neither","4 DPI"
"FPR2",-0.477543267486435,0.442520029175861,FALSE,"Neither","4 DPI"
"CASP10",0.381956792850806,0.454300978002937,FALSE,"Neither","4 DPI"
"IRF7",-0.462843744328827,0.442520029175861,FALSE,"Neither","4 DPI"
"FCGR3",0.534013564677426,0.444485963630714,FALSE,"Neither","4 DPI"
"ICAM3",-0.465354917832944,0.462199762909426,FALSE,"Neither","4 DPI"
"TLR6",-0.523788027412351,0.44862265683072,FALSE,"Neither","4 DPI"
"PML",-0.387701811013732,0.450172460467331,FALSE,"Neither","4 DPI"
"IL12RB1",0.454637765252887,0.462199762909426,FALSE,"Neither","4 DPI"
"PSMD7",0.402783822343536,0.472215114793545,FALSE,"Neither","4 DPI"
"MCL1",-0.42633769564245,0.47197655778163,FALSE,"Neither","4 DPI"
"CD97",0.44655295574557,0.44862265683072,FALSE,"Neither","4 DPI"
"SELPLG",-0.505070481854242,0.451317146835156,FALSE,"Neither","4 DPI"
"BCAP31",0.465654862665153,0.485544402680731,FALSE,"Neither","4 DPI"
"TNFSF13",0.506943337024508,0.485544402680731,FALSE,"Neither","4 DPI"
"EIF2AK2",-0.382547834737426,0.451317146835156,FALSE,"Neither","4 DPI"
"LILRA2",0.635626572188833,0.477605264499401,FALSE,"Neither","4 DPI"
"MAP3K1",0.423646377805904,0.469318725686087,FALSE,"Neither","4 DPI"
"STAT2",-0.37821422932662,0.469318725686087,FALSE,"Neither","4 DPI"
"NFKBIZ",-0.403390100869123,0.485544402680731,FALSE,"Neither","4 DPI"
"ATF2",0.391048505699449,0.492883091947149,FALSE,"Neither","4 DPI"
"PTGER4",0.368007926570284,0.473144123700417,FALSE,"Neither","4 DPI"
"GZMA",0.58687047696043,0.472215114793545,FALSE,"Neither","4 DPI"
"FCER1G",-0.415083544239977,0.492938272532516,FALSE,"Neither","4 DPI"
"ALOX15",0.521893427851877,0.445130909933496,FALSE,"Neither","4 DPI"
"CD44",0.385292786159871,0.472215114793545,FALSE,"Neither","4 DPI"
"NR3C1",0.341973391383744,0.492883091947149,FALSE,"Neither","4 DPI"
"CCR4",0.392722803753752,0.493543355562232,FALSE,"Neither","4 DPI"
"LITAF",-0.437735171373417,0.477605264499401,FALSE,"Neither","4 DPI"
"IL13RA1",-0.423196986961786,0.500112723274264,FALSE,"Neither","4 DPI"
"CD48",0.369409624353793,0.497007069838109,FALSE,"Neither","4 DPI"
"C4A",0.427748844300723,0.444485963630714,FALSE,"Neither","4 DPI"
"HMGB2",0.356094201195266,0.529022210013481,FALSE,"Neither","4 DPI"
"DDX50",0.341141740554827,0.569909084713116,FALSE,"Neither","4 DPI"
"CTNNB1",0.383164732531474,0.503947325625449,FALSE,"Neither","4 DPI"
"PECAM1",0.374924695935567,0.511506634830809,FALSE,"Neither","4 DPI"
"SIRPA",-0.481866195765525,0.503401776751847,FALSE,"Neither","4 DPI"
"TYK2",0.328552069213639,0.538435120875825,FALSE,"Neither","4 DPI"
"TNFAIP3",-0.345246308889113,0.505380869983372,FALSE,"Neither","4 DPI"
"BID",0.372981204965809,0.51151742382437,FALSE,"Neither","4 DPI"
"KLRC2",0.414146175889497,0.521325163711818,FALSE,"Neither","4 DPI"
"MAX",0.316472759718284,0.512712663614174,FALSE,"Neither","4 DPI"
"TAP1",-0.319405765096068,0.559226626735019,FALSE,"Neither","4 DPI"
"GNB1",0.325738102097226,0.505380869983372,FALSE,"Neither","4 DPI"
"TNFSF10",0.361702578082266,0.451317146835156,FALSE,"Neither","4 DPI"
"FAS",-0.348610016663356,0.505380869983372,FALSE,"Neither","4 DPI"
"UBB",0.324338663629206,0.60419936867347,FALSE,"Neither","4 DPI"
"ITGAX",0.392321896283584,0.55419038054829,FALSE,"Neither","4 DPI"
"GRB2",0.320261377279468,0.513241383480127,FALSE,"Neither","4 DPI"
"CLEC7A",-0.495944929858002,0.51263189453629,FALSE,"Neither","4 DPI"
"CARD9",0.421773739562679,0.462199762909426,FALSE,"Neither","4 DPI"
"UBE2L3",0.321382905162908,0.512712663614174,FALSE,"Neither","4 DPI"
"BCL2L11",0.351420116840618,0.559945580235439,FALSE,"Neither","4 DPI"
"HLA-B",-0.351087841619469,0.610646640417307,FALSE,"Neither","4 DPI"
"IGF2R",-0.41854044737326,0.529022210013481,FALSE,"Neither","4 DPI"
"CD38",0.279621391758962,0.557248274240371,FALSE,"Neither","4 DPI"
"STAT3",-0.313447707801918,0.538435120875825,FALSE,"Neither","4 DPI"
"BIRC2",0.300685482394398,0.58164900307102,FALSE,"Neither","4 DPI"
"NFATC1",0.341267628944282,0.513241383480127,FALSE,"Neither","4 DPI"
"NOTCH1",0.352216294887397,0.538435120875825,FALSE,"Neither","4 DPI"
"CLEC4A",-0.412399382790776,0.618442078969071,FALSE,"Neither","4 DPI"
"IRF4",0.319338204881997,0.51151742382437,FALSE,"Neither","4 DPI"
"PTK2",0.290137492025485,0.576454457540179,FALSE,"Neither","4 DPI"
"DAXX",0.312307478883631,0.512712663614174,FALSE,"Neither","4 DPI"
"MAP2K4",0.288163889284201,0.576454457540179,FALSE,"Neither","4 DPI"
"HLA-C",-0.405158047004261,0.614724830601004,FALSE,"Neither","4 DPI"
"CD86",0.250871305803697,0.627921234414067,FALSE,"Neither","4 DPI"
"IRF1",-0.287630553071159,0.598468046292297,FALSE,"Neither","4 DPI"
"IL1R1",-0.326866301745283,0.629701848836874,FALSE,"Neither","4 DPI"
"FN1",-0.354642539924875,0.641891526730306,FALSE,"Neither","4 DPI"
"IL9",-0.373268017094935,0.657187272202092,FALSE,"Neither","4 DPI"
"CD68",0.327931158365606,0.602641308916136,FALSE,"Neither","4 DPI"
"IFITM1",-0.213920974729032,0.733551696399992,FALSE,"Neither","4 DPI"
"MAPK14",-0.295937870468762,0.627247825172857,FALSE,"Neither","4 DPI"
"HMGB1",0.209639977660682,0.752473255896935,FALSE,"Neither","4 DPI"
"CXCR4",0.294141240807324,0.614724830601004,FALSE,"Neither","4 DPI"
"IFNAR1",0.318623821531394,0.538435120875825,FALSE,"Neither","4 DPI"
"STAT1",0.217855729569957,0.669491200574459,FALSE,"Neither","4 DPI"
"CD58",0.257313866367465,0.618442078969071,FALSE,"Neither","4 DPI"
"CD55",-0.240129984617733,0.741800118530998,FALSE,"Neither","4 DPI"
"PYCARD",0.25198726396278,0.657968061543933,FALSE,"Neither","4 DPI"
"B2M",-0.159988759482776,0.791490373846621,FALSE,"Neither","4 DPI"
"LTB",0.244657813372497,0.665290978104517,FALSE,"Neither","4 DPI"
"LEF1",-0.201757360497797,0.715884980502794,FALSE,"Neither","4 DPI"
"CD99",0.216842565308404,0.669491200574459,FALSE,"Neither","4 DPI"
"CDC42",0.188546901659057,0.73185894323662,FALSE,"Neither","4 DPI"
"CD81",0.227767543958597,0.641891526730306,FALSE,"Neither","4 DPI"
"MKNK1",0.258704476977081,0.636149184936408,FALSE,"Neither","4 DPI"
"C10orf54",-0.232682405646987,0.644846882658223,FALSE,"Neither","4 DPI"
"IL6R",-0.232257661233808,0.689288358293987,FALSE,"Neither","4 DPI"
"TNFRSF1B",-0.243402538263714,0.657968061543933,FALSE,"Neither","4 DPI"
"NFIL3",-0.251370735405214,0.748511911745948,FALSE,"Neither","4 DPI"
"RIPK1",0.153784234599391,0.780746816841072,FALSE,"Neither","4 DPI"
"RPS6KA5",0.162272990655229,0.749878635299383,FALSE,"Neither","4 DPI"
"CIITA",0.234444974934283,0.741800118530998,FALSE,"Neither","4 DPI"
"ITGA2B",0.240143687276046,0.669491200574459,FALSE,"Neither","4 DPI"
"HDAC4",0.214534967731597,0.727706409794153,FALSE,"Neither","4 DPI"
"CD14",-0.169444685596069,0.791490373846621,FALSE,"Neither","4 DPI"
"CCR3",-0.264264689865946,0.614724830601004,FALSE,"Neither","4 DPI"
"CD1A",0.261586351559746,0.588382599587145,FALSE,"Neither","4 DPI"
"HIF1A",-0.191454818068223,0.753396066281427,FALSE,"Neither","4 DPI"
"LILRB2",0.124984203021597,0.837269993826242,FALSE,"Neither","4 DPI"
"FCGR2B",0.134385161047187,0.839759767362464,FALSE,"Neither","4 DPI"
"PTPN6",-0.149584809947232,0.783228150190236,FALSE,"Neither","4 DPI"
"NFKBIA",-0.214361106340883,0.722420039843342,FALSE,"Neither","4 DPI"
"LAIR1",-0.282269450480404,0.717359624099302,FALSE,"Neither","4 DPI"
"CTSS",-0.118480630270934,0.876189914268056,FALSE,"Neither","4 DPI"
"TLR8",-0.183538257415755,0.768540374283541,FALSE,"Neither","4 DPI"
"CD1D",0.170453014989977,0.791490373846621,FALSE,"Neither","4 DPI"
"NFE2L2",0.177331174937812,0.73185894323662,FALSE,"Neither","4 DPI"
"NOD2",-0.164183196618186,0.755756191573449,FALSE,"Neither","4 DPI"
"PSMB8",0.133511545485879,0.805045167132947,FALSE,"Neither","4 DPI"
"FCGRT",-0.115441821374048,0.877758397363867,FALSE,"Neither","4 DPI"
"MAPK3",0.153639821359739,0.791490373846621,FALSE,"Neither","4 DPI"
"PTPN2",0.169240852016308,0.770752287320608,FALSE,"Neither","4 DPI"
"CXCL3",-0.0558534364493637,0.931501639496641,FALSE,"Neither","4 DPI"
"MME",0.136263898254782,0.884245372017273,FALSE,"Neither","4 DPI"
"XBP1",0.13389630305141,0.791490373846621,FALSE,"Neither","4 DPI"
"MYD88",0.157039379442498,0.780746816841072,FALSE,"Neither","4 DPI"
"IFNAR2",-0.0117620403276204,0.992235846647073,FALSE,"Neither","4 DPI"
"C1QB",-0.0334256539764848,0.98239364439642,FALSE,"Neither","4 DPI"
"NCF4",0.0246017112087777,0.98239364439642,FALSE,"Neither","4 DPI"
"TCF4",0.150710392078194,0.796568918851204,FALSE,"Neither","4 DPI"
"BST2",-0.157725982992943,0.76819487016342,FALSE,"Neither","4 DPI"
"IL16",0.15049207401743,0.784445821177984,FALSE,"Neither","4 DPI"
"CCND3",0.15212393603055,0.76819487016342,FALSE,"Neither","4 DPI"
"TBK1",0.045558987269648,0.968015620301573,FALSE,"Neither","4 DPI"
"IRF5",-0.0295730641319452,0.972992404672652,FALSE,"Neither","4 DPI"
"PRDM1",0.0868302645951466,0.893915615594522,FALSE,"Neither","4 DPI"
"KLRC3",-0.0185007387565461,0.988550831907373,FALSE,"Neither","4 DPI"
"TNFSF8",0.00106590724765709,0.998099088027131,FALSE,"Neither","4 DPI"
"CDKN1A",-0.0269162386514967,0.98239364439642,FALSE,"Neither","4 DPI"
"IFNGR2",-0.132990796913502,0.822471489436475,FALSE,"Neither","4 DPI"
"TYROBP",-0.0374236222324544,0.971676105673252,FALSE,"Neither","4 DPI"
"RUNX1",-0.10883054657992,0.853773231927025,FALSE,"Neither","4 DPI"
"CLU",0.0333739099340917,0.969853150363839,FALSE,"Neither","4 DPI"
"GNLY",0.2194444505551,0.764755852509672,FALSE,"Neither","4 DPI"
"JAK2",0.120606227720563,0.816549981306763,FALSE,"Neither","4 DPI"
"GP1BB",0.126071873754192,0.834330267392694,FALSE,"Neither","4 DPI"
"SYK",0.101412900856065,0.883538154261952,FALSE,"Neither","4 DPI"
"CD24",-0.200339964776836,0.736017663891572,FALSE,"Neither","4 DPI"
"PRKCB",0.0919078080976004,0.865502720965418,FALSE,"Neither","4 DPI"
"ATG7",-0.121506645167745,0.835986000717419,FALSE,"Neither","4 DPI"
"BAX",0.0826460547651617,0.900001198389381,FALSE,"Neither","4 DPI"
"PRKCD",-0.0660597462276531,0.931501639496641,FALSE,"Neither","4 DPI"
"CASP8",-0.0755504680858365,0.89748504167122,FALSE,"Neither","4 DPI"
"RNASEL",-0.150892599041188,0.791490373846621,FALSE,"Neither","4 DPI"
"CD53",0.0299112907811772,0.97275989215972,FALSE,"Neither","4 DPI"
"STAT5B",-0.00885325675016979,0.992235846647073,FALSE,"Neither","4 DPI"
"FKBP5",0.025056482221709,0.977885203927919,FALSE,"Neither","4 DPI"
"CFD",0.0712674236910509,0.930841983934049,FALSE,"Neither","4 DPI"
"CFP",0.0746520307811522,0.930841983934049,FALSE,"Neither","4 DPI"
"GNAQ",0.0155997045264922,0.98239364439642,FALSE,"Neither","4 DPI"
"IL10RB",-0.00826694602907097,0.992235846647073,FALSE,"Neither","4 DPI"
"ITGA5",-0.0201352997758324,0.98239364439642,FALSE,"Neither","4 DPI"
"CD59",0.0483984862229008,0.934967627686166,FALSE,"Neither","4 DPI"
"LCP2",-0.00586220682389182,0.992247073483258,FALSE,"Neither","4 DPI"
"RIPK2",-0.0437498780212104,0.961323450025307,FALSE,"Neither","4 DPI"
"CASP3",-0.023959707474674,0.98239364439642,FALSE,"Neither","4 DPI"
"PSMB9",0.00467808128578007,0.993825429566387,FALSE,"Neither","4 DPI"
"SIGLEC1",0.104400277506926,0.855541688526413,FALSE,"Neither","4 DPI"
"PTGS1",-0.0401331987896691,0.962096215335416,FALSE,"Neither","4 DPI"
"RAF1",-0.0307257210440017,0.970015858954247,FALSE,"Neither","4 DPI"
"PLAUR",0.00588225014846699,0.992247073483258,FALSE,"Neither","4 DPI"
"CX3CR1",3.08216172518382,7.80061168465105e-05,TRUE,"Vaccinated","7 DPI/Terminal"
"FCAR",-2.7620628855651,0.000838156537913673,TRUE,"Control","7 DPI/Terminal"
"SLAMF7",1.99123890316048,0.00301262575311419,TRUE,"Vaccinated","7 DPI/Terminal"
"TARP",2.82058357959932,0.00301262575311419,TRUE,"Vaccinated","7 DPI/Terminal"
"GZMK",2.90893928499051,0.00462317346306079,TRUE,"Vaccinated","7 DPI/Terminal"
"KLRK1",2.16334769482205,0.00558596749411799,TRUE,"Vaccinated","7 DPI/Terminal"
"ITGA4",1.9269152734045,0.00558596749411799,TRUE,"Vaccinated","7 DPI/Terminal"
"TBX21",2.25959974708352,0.00558596749411799,TRUE,"Vaccinated","7 DPI/Terminal"
"CD3G",2.07568165466157,0.00582723866661194,TRUE,"Vaccinated","7 DPI/Terminal"
"SH2D1A",1.89683285804249,0.0087364031215076,TRUE,"Vaccinated","7 DPI/Terminal"
"KLRD1",1.90357717028825,0.0087364031215076,TRUE,"Vaccinated","7 DPI/Terminal"
"GZMH",2.16669427937533,0.00976209165185147,TRUE,"Vaccinated","7 DPI/Terminal"
"CCR5",1.97924386916698,0.0105372022579337,TRUE,"Vaccinated","7 DPI/Terminal"
"KLRF1",1.98386118006168,0.0131363641578594,TRUE,"Vaccinated","7 DPI/Terminal"
"CD3E",1.85117292431051,0.0173336698335498,TRUE,"Vaccinated","7 DPI/Terminal"
"IL1R2",-2.81043960851657,0.0175607954204506,TRUE,"Control","7 DPI/Terminal"
"ERCC3",1.44987879319738,0.0175607954204506,TRUE,"Vaccinated","7 DPI/Terminal"
"CD3D",1.59193240716958,0.0175607954204506,TRUE,"Vaccinated","7 DPI/Terminal"
"IKBKB",1.53403157855303,0.0179857966394038,TRUE,"Vaccinated","7 DPI/Terminal"
"GPR183",1.59015714659998,0.022886587645076,TRUE,"Vaccinated","7 DPI/Terminal"
"SOCS1",-1.91475700188827,0.022886587645076,TRUE,"Control","7 DPI/Terminal"
"CD6",1.7362265336645,0.022886587645076,TRUE,"Vaccinated","7 DPI/Terminal"
"CD247",1.63013169877681,0.0237862393232658,TRUE,"Vaccinated","7 DPI/Terminal"
"ETS1",1.65092000629291,0.023266978640904,TRUE,"Vaccinated","7 DPI/Terminal"
"CD8B",1.85015215938718,0.0248656124888696,TRUE,"Vaccinated","7 DPI/Terminal"
"CD96",1.7060639552869,0.0248656124888696,TRUE,"Vaccinated","7 DPI/Terminal"
"CLEC4E",-2.07649816460279,0.0248656124888696,TRUE,"Control","7 DPI/Terminal"
"CD8A",1.89293959430405,0.0248656124888696,TRUE,"Vaccinated","7 DPI/Terminal"
"IKZF3",1.48022303576524,0.0248656124888696,TRUE,"Vaccinated","7 DPI/Terminal"
"KLRG1",1.85588827840076,0.0248656124888696,TRUE,"Vaccinated","7 DPI/Terminal"
"CSF1R",2.12414830893992,0.0248656124888696,TRUE,"Vaccinated","7 DPI/Terminal"
"NFATC3",1.29131091377524,0.0248656124888696,TRUE,"Vaccinated","7 DPI/Terminal"
"ITGAL",1.12880046773119,0.0248656124888696,TRUE,"Vaccinated","7 DPI/Terminal"
"PRF1",1.70495347851339,0.0282109017781709,TRUE,"Vaccinated","7 DPI/Terminal"
"TGFB1",1.23442954028426,0.0328717997588861,TRUE,"Vaccinated","7 DPI/Terminal"
"S100A8",-2.33305710762675,0.0374050601356081,TRUE,"Control","7 DPI/Terminal"
"FLT3LG",1.32180547946054,0.0374050601356081,TRUE,"Vaccinated","7 DPI/Terminal"
"GZMB",1.52026754617761,0.0391964634542887,TRUE,"Vaccinated","7 DPI/Terminal"
"NFATC2",1.49468465017004,0.0432529958499331,TRUE,"Vaccinated","7 DPI/Terminal"
"S100A9",-2.06431772176054,0.0453926799683339,TRUE,"Control","7 DPI/Terminal"
"IL7R",1.35239444282335,0.0454882495570275,TRUE,"Vaccinated","7 DPI/Terminal"
"TGFBI",1.54581483879799,0.0468293116368491,TRUE,"Vaccinated","7 DPI/Terminal"
"CEBPB",-1.37288387939249,0.0486492983416129,TRUE,"Control","7 DPI/Terminal"
"IL2RB",1.7023297124452,0.0543492224621886,FALSE,"Neither","7 DPI/Terminal"
"MAPKAPK2",1.1647749664667,0.0548657841569455,FALSE,"Neither","7 DPI/Terminal"
"EGR1",1.24615812189126,0.0555342964384536,FALSE,"Neither","7 DPI/Terminal"
"MMP9",-1.60576732075538,0.0545150654681236,FALSE,"Neither","7 DPI/Terminal"
"TUBB",1.10671939485798,0.0545150654681236,FALSE,"Neither","7 DPI/Terminal"
"ICOS",1.1599070495722,0.0555342964384536,FALSE,"Neither","7 DPI/Terminal"
"PPIA",0.984355237009426,0.0548657841569455,FALSE,"Neither","7 DPI/Terminal"
"CD47",0.998555632568427,0.0548657841569455,FALSE,"Neither","7 DPI/Terminal"
"CCL5",1.22733329470689,0.0555342964384536,FALSE,"Neither","7 DPI/Terminal"
"CD2",1.15489894578646,0.055583078556854,FALSE,"Neither","7 DPI/Terminal"
"BCL2L11",1.47212634233038,0.0571442649505748,FALSE,"Neither","7 DPI/Terminal"
"FYN",1.18984081043047,0.055583078556854,FALSE,"Neither","7 DPI/Terminal"
"CIITA",1.13254282749083,0.0589602880058236,FALSE,"Neither","7 DPI/Terminal"
"HLA-DPB1",1.25023897758233,0.0571442649505748,FALSE,"Neither","7 DPI/Terminal"
"NOTCH2",0.933697224310846,0.0571614969258779,FALSE,"Neither","7 DPI/Terminal"
"ANP32B",0.987688834592142,0.0594096917980646,FALSE,"Neither","7 DPI/Terminal"
"CD74",1.19217825037421,0.0614172861375574,FALSE,"Neither","7 DPI/Terminal"
"SLAMF6",1.12641680590837,0.0622876666371528,FALSE,"Neither","7 DPI/Terminal"
"MAPKAPK5",1.21986332144092,0.0622876666371528,FALSE,"Neither","7 DPI/Terminal"
"MAP3K1",0.976945350345996,0.0622876666371528,FALSE,"Neither","7 DPI/Terminal"
"HLA-DPA1",1.74197697022466,0.0622876666371528,FALSE,"Neither","7 DPI/Terminal"
"IL2RG",1.18791384009616,0.0622876666371528,FALSE,"Neither","7 DPI/Terminal"
"CD9",1.41757640002044,0.0622876666371528,FALSE,"Neither","7 DPI/Terminal"
"ICAM2",0.874928322408415,0.0622876666371528,FALSE,"Neither","7 DPI/Terminal"
"SLAMF1",1.00881460226516,0.0667344521017479,FALSE,"Neither","7 DPI/Terminal"
"TCF4",1.00354990065729,0.0667344521017479,FALSE,"Neither","7 DPI/Terminal"
"ITGB1",1.09939028040803,0.0622876666371528,FALSE,"Neither","7 DPI/Terminal"
"IKZF1",0.911153302575665,0.0622876666371528,FALSE,"Neither","7 DPI/Terminal"
"USP9Y",0.996647083040155,0.0622876666371528,FALSE,"Neither","7 DPI/Terminal"
"CD46",1.01138080371509,0.0622876666371528,FALSE,"Neither","7 DPI/Terminal"
"KLRC1",0.97932998196874,0.0689164184488391,FALSE,"Neither","7 DPI/Terminal"
"SMAD3",1.1955177457222,0.0689164184488391,FALSE,"Neither","7 DPI/Terminal"
"GPI",0.936316566520061,0.0666641359321045,FALSE,"Neither","7 DPI/Terminal"
"HLA-DQB1",1.4971505578944,0.0667344521017479,FALSE,"Neither","7 DPI/Terminal"
"LCK",1.21065255111851,0.0667344521017479,FALSE,"Neither","7 DPI/Terminal"
"IL7",1.14517992385813,0.0739411134846351,FALSE,"Neither","7 DPI/Terminal"
"ATG12",0.802143688005547,0.0739411134846351,FALSE,"Neither","7 DPI/Terminal"
"LY96",-1.21485768637,0.0734679036958786,FALSE,"Neither","7 DPI/Terminal"
"FASLG",1.04887454070991,0.0786437400372467,FALSE,"Neither","7 DPI/Terminal"
"F13A1",1.15281164124147,0.0734679036958786,FALSE,"Neither","7 DPI/Terminal"
"BCL2",1.00783004977539,0.0766597508776002,FALSE,"Neither","7 DPI/Terminal"
"JAK3",0.966589941055704,0.0771025759527965,FALSE,"Neither","7 DPI/Terminal"
"S1PR1",1.15639003919884,0.0771025759527965,FALSE,"Neither","7 DPI/Terminal"
"ILF3",1.12076076216265,0.0771025759527965,FALSE,"Neither","7 DPI/Terminal"
"MEF2D",0.949226596972166,0.0862635636449609,FALSE,"Neither","7 DPI/Terminal"
"HLA-A",1.25908616853495,0.0805727823945431,FALSE,"Neither","7 DPI/Terminal"
"MAP4K1",1.01542680619348,0.0857064670024991,FALSE,"Neither","7 DPI/Terminal"
"CCR3",0.890506018910203,0.0932608449927066,FALSE,"Neither","7 DPI/Terminal"
"CXCR2",-1.15657002722458,0.0883654685274719,FALSE,"Neither","7 DPI/Terminal"
"IL8",-1.05750734879548,0.0899379365584216,FALSE,"Neither","7 DPI/Terminal"
"CD81",0.810306086912217,0.0899379365584216,FALSE,"Neither","7 DPI/Terminal"
"FCGR3",1.40755971734274,0.0932608449927066,FALSE,"Neither","7 DPI/Terminal"
"HLA-DMA",0.994690802112025,0.0930894581534704,FALSE,"Neither","7 DPI/Terminal"
"HLA-DRA",1.0717224814987,0.0951962831333467,FALSE,"Neither","7 DPI/Terminal"
"CD27",1.04093986678084,0.0979625139664711,FALSE,"Neither","7 DPI/Terminal"
"CXCR3",0.951942823866374,0.0979625139664711,FALSE,"Neither","7 DPI/Terminal"
"SHC1",1.20420254406035,0.0972357035238845,FALSE,"Neither","7 DPI/Terminal"
"ATM",1.1089348120725,0.0972357035238845,FALSE,"Neither","7 DPI/Terminal"
"CD5",0.902050940930428,0.0979625139664711,FALSE,"Neither","7 DPI/Terminal"
"CXCR1",-1.26109885721401,0.0951962831333467,FALSE,"Neither","7 DPI/Terminal"
"CASP2",1.0307052583941,0.0979625139664711,FALSE,"Neither","7 DPI/Terminal"
"MAP3K5",0.832304571581869,0.0979625139664711,FALSE,"Neither","7 DPI/Terminal"
"RHOA",0.839172583638,0.0972357035238845,FALSE,"Neither","7 DPI/Terminal"
"CD1D",0.98865741223659,0.100279513034864,FALSE,"Neither","7 DPI/Terminal"
"ITGAX",1.08463184630023,0.0979625139664711,FALSE,"Neither","7 DPI/Terminal"
"NFKBIA",-0.890694597050606,0.0979625139664711,FALSE,"Neither","7 DPI/Terminal"
"HDAC3",0.913338775550681,0.0979625139664711,FALSE,"Neither","7 DPI/Terminal"
"SIGIRR",1.02664461216159,0.100279513034864,FALSE,"Neither","7 DPI/Terminal"
"CD19",0.889721585672874,0.101437867611052,FALSE,"Neither","7 DPI/Terminal"
"PSMB7",0.967400459745981,0.0979625139664711,FALSE,"Neither","7 DPI/Terminal"
"GNAS",0.78711733835986,0.0979625139664711,FALSE,"Neither","7 DPI/Terminal"
"CFL1",0.775826670992227,0.0979625139664711,FALSE,"Neither","7 DPI/Terminal"
"DPP4",0.881131250697481,0.101437867611052,FALSE,"Neither","7 DPI/Terminal"
"IDO2",-1.75766864625041,0.101437867611052,FALSE,"Neither","7 DPI/Terminal"
"PSMB5",0.903643374186335,0.109121372173717,FALSE,"Neither","7 DPI/Terminal"
"PECAM1",0.812855798708265,0.101437867611052,FALSE,"Neither","7 DPI/Terminal"
"C14orf166",0.765742423031627,0.101437867611052,FALSE,"Neither","7 DPI/Terminal"
"CD68",1.01563115526848,0.102773617941783,FALSE,"Neither","7 DPI/Terminal"
"MALT1",0.864379113291347,0.105772698460111,FALSE,"Neither","7 DPI/Terminal"
"PSMC2",0.836020413506308,0.104951536635318,FALSE,"Neither","7 DPI/Terminal"
"FCGR1A",-1.00069017481066,0.106431259513188,FALSE,"Neither","7 DPI/Terminal"
"POLR2A",0.733651207145126,0.109121372173717,FALSE,"Neither","7 DPI/Terminal"
"LILRA3",-1.13151027482586,0.109121372173717,FALSE,"Neither","7 DPI/Terminal"
"NFE2L2",0.722661820268367,0.109121372173717,FALSE,"Neither","7 DPI/Terminal"
"CCR7",0.842272082911069,0.125669171392746,FALSE,"Neither","7 DPI/Terminal"
"HLA-DRB1",0.970249466181235,0.1146476226344,FALSE,"Neither","7 DPI/Terminal"
"PPBP",1.23392253164813,0.120535551952549,FALSE,"Neither","7 DPI/Terminal"
"PTAFR",-0.88571943705359,0.11648706719834,FALSE,"Neither","7 DPI/Terminal"
"IRF3",0.774282649610541,0.116212735838679,FALSE,"Neither","7 DPI/Terminal"
"EIF2A",0.74254229978443,0.11807719763714,FALSE,"Neither","7 DPI/Terminal"
"ABCF1",0.923019519236601,0.12614688868984,FALSE,"Neither","7 DPI/Terminal"
"TIGIT",0.97298750194187,0.129541286759827,FALSE,"Neither","7 DPI/Terminal"
"CCR4",0.856168854897091,0.129809385740741,FALSE,"Neither","7 DPI/Terminal"
"IRAK3",-1.33861160458089,0.122286929889969,FALSE,"Neither","7 DPI/Terminal"
"EWSR1",0.729264076358158,0.122286929889969,FALSE,"Neither","7 DPI/Terminal"
"FCGR2B",1.16067546403439,0.129809385740741,FALSE,"Neither","7 DPI/Terminal"
"SMAD2",0.77013864287497,0.129541286759827,FALSE,"Neither","7 DPI/Terminal"
"CD244",0.836940113679291,0.129541286759827,FALSE,"Neither","7 DPI/Terminal"
"LILRA5",-1.18555139924393,0.129541286759827,FALSE,"Neither","7 DPI/Terminal"
"SELL",-0.862869769658239,0.129809385740741,FALSE,"Neither","7 DPI/Terminal"
"IKBKAP",1.07428022130778,0.137931323944284,FALSE,"Neither","7 DPI/Terminal"
"KLRC3",0.970164496306166,0.137931323944284,FALSE,"Neither","7 DPI/Terminal"
"IFIT3",-0.951686415813404,0.136793475819683,FALSE,"Neither","7 DPI/Terminal"
"MYC",0.889395980308556,0.143120016239202,FALSE,"Neither","7 DPI/Terminal"
"HLA-DQA1",1.94701061320359,0.136793475819683,FALSE,"Neither","7 DPI/Terminal"
"ITGA2B",0.925322188674722,0.134099820110697,FALSE,"Neither","7 DPI/Terminal"
"GZMA",0.867156243764031,0.136793475819683,FALSE,"Neither","7 DPI/Terminal"
"CD99",0.685245309537326,0.137601084015989,FALSE,"Neither","7 DPI/Terminal"
"ATG5",0.655759757834124,0.138266528620371,FALSE,"Neither","7 DPI/Terminal"
"GP1BB",0.813360323782319,0.136793475819683,FALSE,"Neither","7 DPI/Terminal"
"CD82",1.33530073425687,0.142669251188319,FALSE,"Neither","7 DPI/Terminal"
"PTGS2",-0.822727389759273,0.138266528620371,FALSE,"Neither","7 DPI/Terminal"
"LILRB3",-1.09248944557002,0.142669251188319,FALSE,"Neither","7 DPI/Terminal"
"SOCS3",-0.857484959295046,0.142091552209625,FALSE,"Neither","7 DPI/Terminal"
"STAT6",0.834906995856667,0.148524486146632,FALSE,"Neither","7 DPI/Terminal"
"ICAM4",1.37342215984056,0.158457936067615,FALSE,"Neither","7 DPI/Terminal"
"CD14",0.997779265960528,0.156822776623846,FALSE,"Neither","7 DPI/Terminal"
"CAMP",-1.13441355135775,0.156543888193968,FALSE,"Neither","7 DPI/Terminal"
"MAPK1",0.601727585223765,0.156822776623846,FALSE,"Neither","7 DPI/Terminal"
"FN1",0.915884433614252,0.160206790377522,FALSE,"Neither","7 DPI/Terminal"
"C5",1.00084946875344,0.159821854604243,FALSE,"Neither","7 DPI/Terminal"
"IL18RAP",-1.2229395101802,0.160206790377522,FALSE,"Neither","7 DPI/Terminal"
"ATG10",0.714301919685304,0.186292435401299,FALSE,"Neither","7 DPI/Terminal"
"IL12RB2",1.05403148196613,0.186292435401299,FALSE,"Neither","7 DPI/Terminal"
"IRF4",0.806321860448963,0.183413173601085,FALSE,"Neither","7 DPI/Terminal"
"CYSLTR1",0.687944840999926,0.186292435401299,FALSE,"Neither","7 DPI/Terminal"
"PLAUR",-1.19028225917186,0.176707249430111,FALSE,"Neither","7 DPI/Terminal"
"IL21R",1.03602493515949,0.190243362264625,FALSE,"Neither","7 DPI/Terminal"
"NFKB1",0.766614405626206,0.174921180377922,FALSE,"Neither","7 DPI/Terminal"
"MR1",-0.879449016227728,0.197145680430286,FALSE,"Neither","7 DPI/Terminal"
"CLEC4A",-1.11673010004776,0.186292435401299,FALSE,"Neither","7 DPI/Terminal"
"HPRT1",0.657403102069313,0.197145680430286,FALSE,"Neither","7 DPI/Terminal"
"MKNK1",0.67646031585668,0.212323739256614,FALSE,"Neither","7 DPI/Terminal"
"TAP2",-0.63970747814199,0.194432379008273,FALSE,"Neither","7 DPI/Terminal"
"CMA1",0.872974406625432,0.212987840812726,FALSE,"Neither","7 DPI/Terminal"
"CD24",-0.984974479776433,0.207671138156737,FALSE,"Neither","7 DPI/Terminal"
"RAC1",0.674910077280588,0.195476972176145,FALSE,"Neither","7 DPI/Terminal"
"MAP4K4",0.617256402918578,0.202968468339184,FALSE,"Neither","7 DPI/Terminal"
"CD86",0.611727176083967,0.206242982775122,FALSE,"Neither","7 DPI/Terminal"
"IL13RA1",-0.614180769403488,0.206242982775122,FALSE,"Neither","7 DPI/Terminal"
"ITGAM",-0.774837933081784,0.206740503252472,FALSE,"Neither","7 DPI/Terminal"
"PSMD7",0.704647007295416,0.212323739256614,FALSE,"Neither","7 DPI/Terminal"
"CREB1",0.595566050677666,0.206242982775122,FALSE,"Neither","7 DPI/Terminal"
"IL11RA",0.818257686411804,0.223345870066141,FALSE,"Neither","7 DPI/Terminal"
"ZAP70",1.12884830900584,0.230070900697195,FALSE,"Neither","7 DPI/Terminal"
"GBP1",-0.765688833192113,0.21613733651914,FALSE,"Neither","7 DPI/Terminal"
"NFIL3",-0.667985765879656,0.212987840812726,FALSE,"Neither","7 DPI/Terminal"
"CD1C",0.975403041855232,0.232705101353962,FALSE,"Neither","7 DPI/Terminal"
"CCRL2",-0.986775853967625,0.212323739256614,FALSE,"Neither","7 DPI/Terminal"
"CASP1",-0.608053185046202,0.212987840812726,FALSE,"Neither","7 DPI/Terminal"
"CCR1",-0.705564155553532,0.212987840812726,FALSE,"Neither","7 DPI/Terminal"
"IL1R1",-0.726297534991696,0.21592878052825,FALSE,"Neither","7 DPI/Terminal"
"IFI44",-0.821098863090416,0.217862684251689,FALSE,"Neither","7 DPI/Terminal"
"IL15",0.679473187168729,0.226530920942586,FALSE,"Neither","7 DPI/Terminal"
"NR3C1",0.59516572918759,0.221325036264694,FALSE,"Neither","7 DPI/Terminal"
"IFNAR2",-0.722565136698089,0.223345870066141,FALSE,"Neither","7 DPI/Terminal"
"JAK1",0.550444373148842,0.221325036264694,FALSE,"Neither","7 DPI/Terminal"
"PTPRC",0.580776472885418,0.229441322824587,FALSE,"Neither","7 DPI/Terminal"
"TRAF5",0.897853913532483,0.251028371204953,FALSE,"Neither","7 DPI/Terminal"
"IFIT2",-0.917919165427882,0.229441322824587,FALSE,"Neither","7 DPI/Terminal"
"ATF2",0.588621510457079,0.237916853770386,FALSE,"Neither","7 DPI/Terminal"
"SDHA",0.669581328285615,0.250795838064869,FALSE,"Neither","7 DPI/Terminal"
"CD58",0.514180766841397,0.232705101353962,FALSE,"Neither","7 DPI/Terminal"
"TLR2",-0.719518301427847,0.236903247658857,FALSE,"Neither","7 DPI/Terminal"
"MS4A1",0.608470595365703,0.250795838064869,FALSE,"Neither","7 DPI/Terminal"
"IFIT1",-0.61065691914793,0.247656237448033,FALSE,"Neither","7 DPI/Terminal"
"CD28",0.707521277404734,0.252476052643887,FALSE,"Neither","7 DPI/Terminal"
"MIF",0.598952523891748,0.250105397405954,FALSE,"Neither","7 DPI/Terminal"
"IRGC",-0.66287279435652,0.261303720551693,FALSE,"Neither","7 DPI/Terminal"
"ARG2",-0.781026141835515,0.248309482179346,FALSE,"Neither","7 DPI/Terminal"
"UBB",0.650353324084382,0.261303720551693,FALSE,"Neither","7 DPI/Terminal"
"FKBP5",-0.71351957460851,0.250795838064869,FALSE,"Neither","7 DPI/Terminal"
"CASP10",0.48470090634976,0.252476052643887,FALSE,"Neither","7 DPI/Terminal"
"ICAM3",-0.520662955484729,0.252476052643887,FALSE,"Neither","7 DPI/Terminal"
"FPR2",-1.08373481194805,0.261303720551693,FALSE,"Neither","7 DPI/Terminal"
"EOMES",0.80726360091987,0.284745365293477,FALSE,"Neither","7 DPI/Terminal"
"LILRA2",0.989763381142708,0.263945101517971,FALSE,"Neither","7 DPI/Terminal"
"CD36",0.926798146276762,0.284745365293477,FALSE,"Neither","7 DPI/Terminal"
"CDC42",0.470600505334506,0.261303720551693,FALSE,"Neither","7 DPI/Terminal"
"PTPN2",0.581934745733905,0.256876039316255,FALSE,"Neither","7 DPI/Terminal"
"C4BPA",0.85751348648633,0.270914022864614,FALSE,"Neither","7 DPI/Terminal"
"ITGB2",0.61076624177257,0.256876039316255,FALSE,"Neither","7 DPI/Terminal"
"DDX58",-0.68932120625427,0.261303720551693,FALSE,"Neither","7 DPI/Terminal"
"OAZ1",0.538627336242126,0.274319073595924,FALSE,"Neither","7 DPI/Terminal"
"TNFSF12",0.457425941860946,0.274319073595924,FALSE,"Neither","7 DPI/Terminal"
"TRAF3",0.718826102823224,0.307050632105421,FALSE,"Neither","7 DPI/Terminal"
"CARD9",0.746349551561756,0.307050632105421,FALSE,"Neither","7 DPI/Terminal"
"ARHGDIB",0.533776371476105,0.274319073595924,FALSE,"Neither","7 DPI/Terminal"
"C5aR1",-0.739951451191871,0.274319073595924,FALSE,"Neither","7 DPI/Terminal"
"TAP1",-0.486853949022356,0.284745365293477,FALSE,"Neither","7 DPI/Terminal"
"HMGB2",-0.53719897740595,0.274319073595924,FALSE,"Neither","7 DPI/Terminal"
"TBP",0.733555249714073,0.312589977853685,FALSE,"Neither","7 DPI/Terminal"
"RAF1",0.512406835006982,0.307050632105421,FALSE,"Neither","7 DPI/Terminal"
"IDO1",-0.614037607986122,0.28790883588093,FALSE,"Neither","7 DPI/Terminal"
"CEACAM8",-0.790310257218543,0.284745365293477,FALSE,"Neither","7 DPI/Terminal"
"BATF",-0.485560282809065,0.303179419202472,FALSE,"Neither","7 DPI/Terminal"
"CD164",0.417483369134409,0.284745365293477,FALSE,"Neither","7 DPI/Terminal"
"TOLLIP",-0.485976187336164,0.307050632105421,FALSE,"Neither","7 DPI/Terminal"
"DAXX",0.586569965197327,0.326375450771958,FALSE,"Neither","7 DPI/Terminal"
"IKZF2",0.784779666419598,0.326375450771958,FALSE,"Neither","7 DPI/Terminal"
"LGALS3",0.557842333459192,0.291630934758068,FALSE,"Neither","7 DPI/Terminal"
"PTK2",0.524159380617451,0.288594600389355,FALSE,"Neither","7 DPI/Terminal"
"SELPLG",-0.604269319760158,0.293850159399984,FALSE,"Neither","7 DPI/Terminal"
"TBK1",0.563362521856812,0.316094601232688,FALSE,"Neither","7 DPI/Terminal"
"STAT4",0.642226167425946,0.307050632105421,FALSE,"Neither","7 DPI/Terminal"
"BCL2L1",0.615064795054543,0.307050632105421,FALSE,"Neither","7 DPI/Terminal"
"ALAS1",0.554029695437919,0.336361013324555,FALSE,"Neither","7 DPI/Terminal"
"DDX50",0.563430316903343,0.318797950614415,FALSE,"Neither","7 DPI/Terminal"
"IL10RA",0.47353028460879,0.311839278815325,FALSE,"Neither","7 DPI/Terminal"
"GNLY",0.963831893182276,0.326375450771958,FALSE,"Neither","7 DPI/Terminal"
"CCR2",0.749976486502406,0.336361013324555,FALSE,"Neither","7 DPI/Terminal"
"TNFRSF1B",0.545946996640165,0.312589977853685,FALSE,"Neither","7 DPI/Terminal"
"TAL1",0.727476977455218,0.354951746906115,FALSE,"Neither","7 DPI/Terminal"
"IRAK1",0.503181033940303,0.350585172619822,FALSE,"Neither","7 DPI/Terminal"
"LEF1",0.616146138868732,0.354951746906115,FALSE,"Neither","7 DPI/Terminal"
"FCGRT",-0.704155068059931,0.354951746906115,FALSE,"Neither","7 DPI/Terminal"
"G6PD",-0.400195375303133,0.359335769362833,FALSE,"Neither","7 DPI/Terminal"
"OAS3",-0.475335468114981,0.347004580838582,FALSE,"Neither","7 DPI/Terminal"
"SERPING1",-0.404182610126309,0.362850583784544,FALSE,"Neither","7 DPI/Terminal"
"MAFG",0.54037608178764,0.40060633740788,FALSE,"Neither","7 DPI/Terminal"
"PTGS1",0.571848604196608,0.383192448352164,FALSE,"Neither","7 DPI/Terminal"
"RIPK1",0.40348737644036,0.361476612059898,FALSE,"Neither","7 DPI/Terminal"
"CD53",-0.401730788624583,0.354951746906115,FALSE,"Neither","7 DPI/Terminal"
"GRB2",0.403256862398258,0.349117885964885,FALSE,"Neither","7 DPI/Terminal"
"NFKB2",0.63330177292686,0.402391766159714,FALSE,"Neither","7 DPI/Terminal"
"C1QBP",0.479943023332257,0.355995051302495,FALSE,"Neither","7 DPI/Terminal"
"IL1RAP",-0.704562872835908,0.359335769362833,FALSE,"Neither","7 DPI/Terminal"
"REPS1",0.421932401770492,0.385817240346275,FALSE,"Neither","7 DPI/Terminal"
"AKT3",0.486733804095131,0.369474341246825,FALSE,"Neither","7 DPI/Terminal"
"TLR5",-0.546721465380548,0.368076084866434,FALSE,"Neither","7 DPI/Terminal"
"NFKBIZ",0.370261623009956,0.379316368288564,FALSE,"Neither","7 DPI/Terminal"
"CASP8",0.385901251269049,0.369474341246825,FALSE,"Neither","7 DPI/Terminal"
"FCGR2A",-0.672163302172502,0.377805932031586,FALSE,"Neither","7 DPI/Terminal"
"NOTCH1",0.494292696433757,0.402391766159714,FALSE,"Neither","7 DPI/Terminal"
"TNFAIP3",0.395182040038277,0.377435974498013,FALSE,"Neither","7 DPI/Terminal"
"CD274",-0.510712136146505,0.393705518479198,FALSE,"Neither","7 DPI/Terminal"
"MAP2K1",0.71112578956977,0.429271503137185,FALSE,"Neither","7 DPI/Terminal"
"KLRC2",0.591105078391763,0.442107835396593,FALSE,"Neither","7 DPI/Terminal"
"CSF3R",-0.617314343608014,0.396372250835652,FALSE,"Neither","7 DPI/Terminal"
"GNB1",0.38165904028657,0.396372250835652,FALSE,"Neither","7 DPI/Terminal"
"HMGB1",0.426620493680796,0.423844900100961,FALSE,"Neither","7 DPI/Terminal"
"XBP1",0.379831640724191,0.397866590443242,FALSE,"Neither","7 DPI/Terminal"
"CD7",0.463039365322249,0.40060633740788,FALSE,"Neither","7 DPI/Terminal"
"IL1B",-0.454991215054496,0.427861517742813,FALSE,"Neither","7 DPI/Terminal"
"IGF2R",-0.444106592782905,0.412899541746003,FALSE,"Neither","7 DPI/Terminal"
"IFITM1",-0.346996677345757,0.432756702570666,FALSE,"Neither","7 DPI/Terminal"
"MAP2K4",0.35512935727728,0.412899541746003,FALSE,"Neither","7 DPI/Terminal"
"NOD2",-0.370344329508969,0.408667250534915,FALSE,"Neither","7 DPI/Terminal"
"CHUK",0.520267271352999,0.485424944837915,FALSE,"Neither","7 DPI/Terminal"
"IL12RB1",0.364028359661425,0.441600533038292,FALSE,"Neither","7 DPI/Terminal"
"HLA-DMB",0.599890692704946,0.435184775750038,FALSE,"Neither","7 DPI/Terminal"
"CD48",0.404392152306608,0.428724598167655,FALSE,"Neither","7 DPI/Terminal"
"HDAC4",-0.387650012317093,0.44196057905961,FALSE,"Neither","7 DPI/Terminal"
"CD44",0.382125842623358,0.432756702570666,FALSE,"Neither","7 DPI/Terminal"
"IRAK4",0.339328138584873,0.447361055370993,FALSE,"Neither","7 DPI/Terminal"
"TLR4",-0.536957978841505,0.436008825626017,FALSE,"Neither","7 DPI/Terminal"
"IFNGR1",-0.52072439648517,0.432756702570666,FALSE,"Neither","7 DPI/Terminal"
"BCAP31",0.29965818986718,0.454746960365445,FALSE,"Neither","7 DPI/Terminal"
"CTNNB1",0.520472445463037,0.497390127228004,FALSE,"Neither","7 DPI/Terminal"
"TLR6",-0.465075106599006,0.441600533038292,FALSE,"Neither","7 DPI/Terminal"
"KCNJ2",-0.546721544479425,0.44196057905961,FALSE,"Neither","7 DPI/Terminal"
"OAS2",-0.383117845019648,0.455352835723641,FALSE,"Neither","7 DPI/Terminal"
"MX1",-0.391325699192958,0.457842399390197,FALSE,"Neither","7 DPI/Terminal"
"LAIR1",-0.540182935565909,0.454746960365445,FALSE,"Neither","7 DPI/Terminal"
"BIRC2",0.34346630833508,0.469960087700954,FALSE,"Neither","7 DPI/Terminal"
"STAT5A",0.315063118552247,0.470825982839974,FALSE,"Neither","7 DPI/Terminal"
"PSMB9",-0.293119430330973,0.472522644538753,FALSE,"Neither","7 DPI/Terminal"
"OASL",-0.345277927187214,0.470332908204139,FALSE,"Neither","7 DPI/Terminal"
"PML",0.382098702771335,0.490614439108803,FALSE,"Neither","7 DPI/Terminal"
"CMKLR1",0.34022867657682,0.551494053797272,FALSE,"Neither","7 DPI/Terminal"
"FADD",0.296786416911428,0.539832663986372,FALSE,"Neither","7 DPI/Terminal"
"TYK2",0.329473623643192,0.497035135756036,FALSE,"Neither","7 DPI/Terminal"
"PSMB10",0.306761434564037,0.52203321070761,FALSE,"Neither","7 DPI/Terminal"
"IL17RA",-0.375406727080662,0.496255793202781,FALSE,"Neither","7 DPI/Terminal"
"ITGA5",0.392903732755919,0.490614439108803,FALSE,"Neither","7 DPI/Terminal"
"APP",0.313101184397212,0.495857728621518,FALSE,"Neither","7 DPI/Terminal"
"ATG7",-0.385291643598509,0.577481707523922,FALSE,"Neither","7 DPI/Terminal"
"LTB",0.355540980593831,0.511139519584743,FALSE,"Neither","7 DPI/Terminal"
"PTPN22",0.315297772160871,0.553230951495817,FALSE,"Neither","7 DPI/Terminal"
"IRF1",-0.277246425551585,0.531670697110596,FALSE,"Neither","7 DPI/Terminal"
"DDIT3",-0.262008756316105,0.573262308562107,FALSE,"Neither","7 DPI/Terminal"
"NFATC1",0.328704749227445,0.573262308562107,FALSE,"Neither","7 DPI/Terminal"
"RPS6KA5",0.278318586345181,0.552734199038757,FALSE,"Neither","7 DPI/Terminal"
"NCF4",-0.339255751566848,0.546743786485057,FALSE,"Neither","7 DPI/Terminal"
"CD59",0.257580766931367,0.543660418826179,FALSE,"Neither","7 DPI/Terminal"
"HLA-C",-0.378788277542557,0.608910181569098,FALSE,"Neither","7 DPI/Terminal"
"TAPBP",0.283745888885516,0.549897012501407,FALSE,"Neither","7 DPI/Terminal"
"ALOX15",0.398560513538957,0.633420506814587,FALSE,"Neither","7 DPI/Terminal"
"CXCR4",-0.33113849568006,0.541890781246189,FALSE,"Neither","7 DPI/Terminal"
"CTSC",0.27007378216697,0.602858873902307,FALSE,"Neither","7 DPI/Terminal"
"TNFSF13B",-0.294072115148195,0.56587452474315,FALSE,"Neither","7 DPI/Terminal"
"CDKN1A",0.300101219671746,0.585870911640263,FALSE,"Neither","7 DPI/Terminal"
"SLC2A1",0.297881555184645,0.6339040017542,FALSE,"Neither","7 DPI/Terminal"
"UBE2L3",0.246680098149884,0.563797996228116,FALSE,"Neither","7 DPI/Terminal"
"CD38",0.286504149521168,0.562987056064406,FALSE,"Neither","7 DPI/Terminal"
"ROCK2",0.237415668623491,0.594681893578949,FALSE,"Neither","7 DPI/Terminal"
"BST2",-0.225169425015938,0.563797996228116,FALSE,"Neither","7 DPI/Terminal"
"CASP3",-0.282276285272596,0.573262308562107,FALSE,"Neither","7 DPI/Terminal"
"C3AR1",0.327400901253197,0.675632181932102,FALSE,"Neither","7 DPI/Terminal"
"MS4A2",0.39302348425244,0.633420506814587,FALSE,"Neither","7 DPI/Terminal"
"STAT1",0.249105417186231,0.594681893578949,FALSE,"Neither","7 DPI/Terminal"
"STAT2",-0.321263780874443,0.594681893578949,FALSE,"Neither","7 DPI/Terminal"
"IRF5",-0.201085631884049,0.641396988022053,FALSE,"Neither","7 DPI/Terminal"
"ICAM1",0.249546217867389,0.677927695186283,FALSE,"Neither","7 DPI/Terminal"
"GUSB",0.265994294512781,0.71898183610008,FALSE,"Neither","7 DPI/Terminal"
"C10orf54",-0.241938967790617,0.623412448549586,FALSE,"Neither","7 DPI/Terminal"
"IL6ST",0.275146435869513,0.642198637043628,FALSE,"Neither","7 DPI/Terminal"
"TNFRSF14",0.232322480259074,0.7348998923829,FALSE,"Neither","7 DPI/Terminal"
"MCL1",-0.2416782221167,0.642198637043628,FALSE,"Neither","7 DPI/Terminal"
"MAX",0.204868963808742,0.633420506814587,FALSE,"Neither","7 DPI/Terminal"
"HLA-B",-0.236509043436724,0.66445851273651,FALSE,"Neither","7 DPI/Terminal"
"IL10RB",-0.270088323312644,0.630173423356129,FALSE,"Neither","7 DPI/Terminal"
"HSH2D",-0.178395604085477,0.65727953447612,FALSE,"Neither","7 DPI/Terminal"
"STAT3",-0.233752646157972,0.642198637043628,FALSE,"Neither","7 DPI/Terminal"
"GNAQ",0.219893806506954,0.62992051032871,FALSE,"Neither","7 DPI/Terminal"
"BTK",0.200450188177552,0.791497498803696,FALSE,"Neither","7 DPI/Terminal"
"PTGER4",0.231208986828156,0.641396988022053,FALSE,"Neither","7 DPI/Terminal"
"B2M",-0.168287221522956,0.713930252707411,FALSE,"Neither","7 DPI/Terminal"
"TLR1",-0.239157228404448,0.646287592098866,FALSE,"Neither","7 DPI/Terminal"
"JAK2",-0.198461986300144,0.657381614777077,FALSE,"Neither","7 DPI/Terminal"
"IL1RN",-0.17707393639254,0.717658751727352,FALSE,"Neither","7 DPI/Terminal"
"TAGAP",-0.240198128156051,0.675632181932102,FALSE,"Neither","7 DPI/Terminal"
"PRKCD",-0.252334472784746,0.657381614777077,FALSE,"Neither","7 DPI/Terminal"
"MAPK14",-0.260069876541976,0.739763655803616,FALSE,"Neither","7 DPI/Terminal"
"PSMB8",-0.178980850443491,0.687450538254078,FALSE,"Neither","7 DPI/Terminal"
"CD163",0.140007935317874,0.861216865344741,FALSE,"Neither","7 DPI/Terminal"
"FAS",-0.196756193363662,0.684747496325348,FALSE,"Neither","7 DPI/Terminal"
"CFP",0.210176389835151,0.687450538254078,FALSE,"Neither","7 DPI/Terminal"
"CTSS",-0.193097274004007,0.717658751727352,FALSE,"Neither","7 DPI/Terminal"
"IL6R",-0.252243378934743,0.681819846354547,FALSE,"Neither","7 DPI/Terminal"
"HIF1A",-0.269809407805417,0.675632181932102,FALSE,"Neither","7 DPI/Terminal"
"IRF7",-0.223439567895433,0.675632181932102,FALSE,"Neither","7 DPI/Terminal"
"TGFBR2",0.198629011538731,0.687450538254078,FALSE,"Neither","7 DPI/Terminal"
"CLU",0.199857252888302,0.711774264859802,FALSE,"Neither","7 DPI/Terminal"
"PRKCB",-0.163706843054632,0.70351808920305,FALSE,"Neither","7 DPI/Terminal"
"TNFSF10",-0.118035662280302,0.834404370443217,FALSE,"Neither","7 DPI/Terminal"
"OAS1",-0.224089643260955,0.713930252707411,FALSE,"Neither","7 DPI/Terminal"
"CISH",-0.0778224044439613,0.875295713024146,FALSE,"Neither","7 DPI/Terminal"
"C2",-0.0728173596982682,0.927526599893335,FALSE,"Neither","7 DPI/Terminal"
"FOS",0.294707934250097,0.714181636177095,FALSE,"Neither","7 DPI/Terminal"
"RNASEL",-0.0271271800623882,0.965773456602313,FALSE,"Neither","7 DPI/Terminal"
"IFI35",-0.152354123118009,0.753491964172472,FALSE,"Neither","7 DPI/Terminal"
"TNFSF8",-0.109849457499573,0.830338868299668,FALSE,"Neither","7 DPI/Terminal"
"CD97",0.193693342547295,0.717658751727352,FALSE,"Neither","7 DPI/Terminal"
"CYBB",0.190759760745173,0.7348998923829,FALSE,"Neither","7 DPI/Terminal"
"BCL6",-0.216769114055941,0.714181636177095,FALSE,"Neither","7 DPI/Terminal"
"MAP4K2",0.17377495903433,0.834404370443217,FALSE,"Neither","7 DPI/Terminal"
"C4A",-0.038767501132412,0.961206044691754,FALSE,"Neither","7 DPI/Terminal"
"IL9",0.221584875684727,0.816187609267116,FALSE,"Neither","7 DPI/Terminal"
"BCL3",-0.156586195680399,0.741983358611468,FALSE,"Neither","7 DPI/Terminal"
"IFNGR2",-0.207378913012443,0.717658751727352,FALSE,"Neither","7 DPI/Terminal"
"RIPK2",-0.0698747542968228,0.897446411106313,FALSE,"Neither","7 DPI/Terminal"
"EIF2AK2",-0.146014770525202,0.739763655803616,FALSE,"Neither","7 DPI/Terminal"
"CSF1",-0.0953071035386843,0.875295713024146,FALSE,"Neither","7 DPI/Terminal"
"FCER1G",0.177188757812933,0.787653419534993,FALSE,"Neither","7 DPI/Terminal"
"IFNAR1",0.0210753320330612,0.965773456602313,FALSE,"Neither","7 DPI/Terminal"
"CFD",-0.156137914383727,0.777932299736398,FALSE,"Neither","7 DPI/Terminal"
"CD55",-0.148997403677919,0.818205224989953,FALSE,"Neither","7 DPI/Terminal"
"CCND3",0.134184787438135,0.777932299736398,FALSE,"Neither","7 DPI/Terminal"
"TMEM173",-0.078351707354499,0.875295713024146,FALSE,"Neither","7 DPI/Terminal"
"LILRB2",0.0372679833463918,0.965773456602313,FALSE,"Neither","7 DPI/Terminal"
"C1QB",0.164257630025899,0.837117695467237,FALSE,"Neither","7 DPI/Terminal"
"LITAF",-0.145050618854262,0.815248915240478,FALSE,"Neither","7 DPI/Terminal"
"CXCL3",0.0568596548032083,0.925424085000199,FALSE,"Neither","7 DPI/Terminal"
"IFI16",-0.0917833984390768,0.861216865344741,FALSE,"Neither","7 DPI/Terminal"
"TNFSF13",-0.193974713911903,0.848447737377591,FALSE,"Neither","7 DPI/Terminal"
"SYK",-0.134131992665591,0.817375198346265,FALSE,"Neither","7 DPI/Terminal"
"PRDM1",0.102085198081999,0.815248915240478,FALSE,"Neither","7 DPI/Terminal"
"BAX",0.111072088061011,0.817375198346265,FALSE,"Neither","7 DPI/Terminal"
"MAPK3",-0.130880790674189,0.815248915240478,FALSE,"Neither","7 DPI/Terminal"
"MME",0.0573615251071118,0.927526599893335,FALSE,"Neither","7 DPI/Terminal"
"PYCARD",-0.117956244104004,0.817375198346265,FALSE,"Neither","7 DPI/Terminal"
"MX2",-0.0694979602510006,0.897446411106313,FALSE,"Neither","7 DPI/Terminal"
"TYROBP",0.0470140230734906,0.941270628160285,FALSE,"Neither","7 DPI/Terminal"
"MYD88",0.0934948498062571,0.858406746376923,FALSE,"Neither","7 DPI/Terminal"
"CLEC7A",0.0923081533637973,0.885629346223962,FALSE,"Neither","7 DPI/Terminal"
"IFIH1",-0.0526763060701416,0.903937936119813,FALSE,"Neither","7 DPI/Terminal"
"CSF2RB",0.0834945802850715,0.875295713024146,FALSE,"Neither","7 DPI/Terminal"
"IL16",0.123812397069468,0.861216865344741,FALSE,"Neither","7 DPI/Terminal"
"CXCL10",0.037748110591254,0.971286786527092,FALSE,"Neither","7 DPI/Terminal"
"LCP2",0.0068535018226612,0.98817064098872,FALSE,"Neither","7 DPI/Terminal"
"RARRES3",0.04381792000164,0.927526599893335,FALSE,"Neither","7 DPI/Terminal"
"PTPN6",-0.0239325513439894,0.965028352640215,FALSE,"Neither","7 DPI/Terminal"
"THBS1",0.037720558384791,0.962157352811022,FALSE,"Neither","7 DPI/Terminal"
"ISG20",0.0285043007535073,0.961206044691754,FALSE,"Neither","7 DPI/Terminal"
"RUNX1",-0.0721721499000072,0.903937936119813,FALSE,"Neither","7 DPI/Terminal"
"STAT5B",0.0244698954251543,0.965773456602313,FALSE,"Neither","7 DPI/Terminal"
"FCER1A",-0.0204496853381659,0.977815225431943,FALSE,"Neither","7 DPI/Terminal"
"TLR8",-0.0495880106109396,0.927526599893335,FALSE,"Neither","7 DPI/Terminal"
"BID",0.0338659438564708,0.938228281901482,FALSE,"Neither","7 DPI/Terminal"
"TGFBR1",-0.00625673905092228,0.989108336397012,FALSE,"Neither","7 DPI/Terminal"
"SIRPA",-0.000556788896354021,0.998960219576916,FALSE,"Neither","7 DPI/Terminal"
